,0,1,2,3,4,dist_ref1,dist_ref2,dist_ref3,dist_ref4,ang_ref1,ang_ref2,ang_ref3,ang_ref4
0,1.83051224556,-1.25620245061,4.95751591704,1.52135487115,0.375256978569,1.0,0.624427818935,0.933711360253,0.511592616566,-0.574523027858,0.54299548633,0.66870585412,-0.634880632681
1,1.83051224556,-1.25620245061,4.95751591704,1.52135487115,0.375256978569,1.0,0.624427818935,0.933711360253,0.511592616566,-0.574523027858,0.54299548633,0.66870585412,-0.634880632681
2,1.83051224556,-1.25620245061,4.95751591704,1.52135487115,0.375256978569,1.0,0.624427818935,0.933711360253,0.511592616566,-0.574523027858,0.54299548633,0.66870585412,-0.634880632681
3,1.98174684896,-1.25620245061,4.95751591704,1.52135487115,0.375256978569,1.0,0.624427818935,0.933711360253,0.511592616566,-0.574523027858,0.54299548633,0.66870585412,-0.634880632681
4,1.98174684896,-1.25620245061,4.95751591704,1.52135487115,0.375256978569,1.0,0.624427818935,0.933711360253,0.511592616566,-0.574523027858,0.54299548633,0.66870585412,-0.634880632681
5,2.13298145236,-0.800146343539,1.46476230781,1.52135487115,0.629659882848,1.0,0.624427818935,0.933711360253,0.511592616566,-0.574523027858,0.54299548633,0.66870585412,-0.634880632681
6,2.13298145236,-0.800146343539,1.46476230781,1.52135487115,0.629659882848,1.0,0.624427818935,0.933711360253,0.511592616566,-0.574523027858,0.54299548633,0.66870585412,-0.634880632681
7,2.13298145236,-0.800146343539,1.46476230781,1.52135487115,0.629659882848,1.0,0.624427818935,0.933711360253,0.511592616566,-0.574523027858,0.54299548633,0.66870585412,-0.634880632681
8,2.28421605576,-0.800146343539,1.46476230781,1.52135487115,0.629659882848,1.0,0.624427818935,0.933711360253,0.511592616566,-0.574523027858,0.54299548633,0.66870585412,-0.634880632681
9,2.43545065916,-0.800146343539,1.46476230781,1.52135487115,0.629659882848,1.0,0.624427818935,0.933711360253,0.511592616566,-0.574523027858,0.54299548633,0.66870585412,-0.634880632681
10,2.43545065916,1.02407808473,5.50900332902,1.52135487115,0.629659882848,1.0,0.624427818935,0.933711360253,0.511592616566,-0.574523027858,0.54299548633,0.66870585412,-0.634880632681
11,1.67927764216,1.02407808473,5.50900332902,1.52135487115,0.629659882848,1.0,0.624427818935,0.933711360253,0.511592616566,-0.574523027858,0.54299548633,0.66870585412,-0.634880632681
12,0.469400814947,1.02407808473,5.50900332902,1.52135487115,0.629659882848,1.0,0.624427818935,0.933711360253,0.511592616566,-0.574523027858,0.54299548633,0.66870585412,-0.634880632681
13,0.469400814947,1.02407808473,5.50900332902,1.52135487115,0.629659882848,1.0,0.624427818935,0.933711360253,0.511592616566,-0.574523027858,0.54299548633,0.66870585412,-0.634880632681
14,0.318166211546,1.02407808473,5.50900332902,1.52135487115,0.629659882848,1.0,0.624427818935,0.933711360253,0.511592616566,-0.574523027858,0.54299548633,0.66870585412,-0.634880632681
15,0.620635418348,1.02407808473,3.11922454376,1.52135487115,0.629659882848,1.0,0.624427818935,0.933711360253,0.511592616566,-0.574523027858,0.54299548633,0.66870585412,-0.634880632681
16,1.52804303875,1.02407808473,3.11922454376,1.52135487115,0.629659882848,1.0,0.624427818935,0.933711360253,0.511592616566,-0.574523027858,0.54299548633,0.66870585412,-0.634880632681
17,2.13298145236,1.02407808473,3.11922454376,1.52135487115,0.629659882848,1.0,0.624427818935,0.933711360253,0.511592616566,-0.574523027858,0.54299548633,0.66870585412,-0.634880632681
18,2.58668526256,1.02407808473,3.11922454376,1.52135487115,0.629659882848,1.0,0.624427818935,0.933711360253,0.511592616566,-0.574523027858,0.54299548633,0.66870585412,-0.634880632681
19,2.43545065916,1.02407808473,3.11922454376,1.52135487115,0.629659882848,1.0,0.624427818935,0.933711360253,0.511592616566,-0.574523027858,0.54299548633,0.66870585412,-0.634880632681
20,1.98174684896,1.02407808473,-0.373529065468,1.52135487115,0.629659882848,1.0,0.624427818935,0.933711360253,0.511592616566,-0.574523027858,0.54299548633,0.66870585412,-0.634880632681
21,1.22557383195,1.02407808473,-0.373529065468,1.52135487115,0.629659882848,1.0,0.624427818935,0.933711360253,0.511592616566,-0.574523027858,0.54299548633,0.66870585412,-0.634880632681
22,1.22557383195,1.02407808473,-0.373529065468,1.52135487115,0.629659882848,1.0,0.624427818935,0.933711360253,0.511592616566,-0.574523027858,0.54299548633,0.66870585412,-0.634880632681
23,1.22557383195,1.02407808473,-0.373529065468,1.52135487115,0.629659882848,1.0,0.624427818935,0.933711360253,0.511592616566,-0.574523027858,0.54299548633,0.66870585412,-0.634880632681
24,1.22557383195,1.02407808473,-0.373529065468,1.52135487115,0.629659882848,1.0,0.624427818935,0.933711360253,0.511592616566,-0.574523027858,0.54299548633,0.66870585412,-0.634880632681
25,1.22557383195,1.02407808473,-0.557358202796,1.85935876935,0.629659882848,1.0,0.624427818935,0.933711360253,0.511592616566,-0.574523027858,0.54299548633,0.66870585412,-0.634880632681
26,1.37680843535,1.02407808473,-0.557358202796,1.85935876935,0.629659882848,1.0,0.624427818935,0.933711360253,0.511592616566,-0.574523027858,0.54299548633,0.66870585412,-0.634880632681
27,1.52804303875,1.02407808473,-0.557358202796,1.85935876935,0.629659882848,1.0,0.624427818935,0.933711360253,0.511592616566,-0.574523027858,0.54299548633,0.66870585412,-0.634880632681
28,1.67927764216,1.02407808473,-0.557358202796,1.85935876935,0.629659882848,1.0,0.624427818935,0.933711360253,0.511592616566,-0.574523027858,0.54299548633,0.66870585412,-0.634880632681
29,1.98174684896,1.02407808473,-0.557358202796,1.85935876935,0.629659882848,1.0,0.624427818935,0.933711360253,0.511592616566,-0.574523027858,0.54299548633,0.66870585412,-0.634880632681
30,2.58668526256,1.02407808473,-0.00587079081286,1.52135487115,0.629659882848,1.0,0.624427818935,0.933711360253,0.511592616566,-0.574523027858,0.54299548633,0.66870585412,-0.634880632681
31,2.58668526256,1.02407808473,-0.00587079081286,1.52135487115,0.629659882848,1.0,0.624427818935,0.933711360253,0.511592616566,-0.574523027858,0.54299548633,0.66870585412,-0.634880632681
32,2.73791986596,1.02407808473,-0.00587079081286,1.52135487115,0.629659882848,1.0,0.624427818935,0.933711360253,0.511592616566,-0.574523027858,0.54299548633,0.66870585412,-0.634880632681
33,2.73791986596,1.02407808473,-0.00587079081286,1.52135487115,0.629659882848,1.0,0.624427818935,0.933711360253,0.511592616566,-0.574523027858,0.54299548633,0.66870585412,-0.634880632681
34,2.58668526256,1.02407808473,-0.00587079081286,1.52135487115,0.629659882848,1.0,0.624427818935,0.933711360253,0.511592616566,-0.574523027858,0.54299548633,0.66870585412,-0.634880632681
35,2.58668526256,1.02407808473,-0.189699928141,0.845347074744,0.629659882848,1.0,0.624427818935,0.933711360253,0.511592616566,-0.574523027858,0.54299548633,0.66870585412,-0.634880632681
36,1.83051224556,1.02407808473,-0.189699928141,0.845347074744,0.629659882848,1.0,0.624427818935,0.933711360253,0.511592616566,-0.574523027858,0.54299548633,0.66870585412,-0.634880632681
37,1.83051224556,1.02407808473,-0.189699928141,0.845347074744,0.629659882848,1.0,0.624427818935,0.933711360253,0.511592616566,-0.574523027858,0.54299548633,0.66870585412,-0.634880632681
38,1.83051224556,1.02407808473,-0.189699928141,0.845347074744,0.629659882848,1.0,0.624427818935,0.933711360253,0.511592616566,-0.574523027858,0.54299548633,0.66870585412,-0.634880632681
39,1.83051224556,1.02407808473,-0.189699928141,0.845347074744,0.629659882848,1.0,0.624427818935,0.933711360253,0.511592616566,-0.574523027858,0.54299548633,0.66870585412,-0.634880632681
40,1.37680843535,2.39224640594,-0.741187340124,1.18335097295,0.629659882848,1.0,0.624427818935,0.933711360253,0.511592616566,-0.574523027858,0.54299548633,0.66870585412,-0.634880632681
41,1.37680843535,2.39224640594,-0.741187340124,1.18335097295,0.629659882848,1.0,0.624427818935,0.933711360253,0.511592616566,-0.574523027858,0.54299548633,0.66870585412,-0.634880632681
42,1.22557383195,2.39224640594,-0.741187340124,1.18335097295,0.629659882848,1.0,0.624427818935,0.933711360253,0.511592616566,-0.574523027858,0.54299548633,0.66870585412,-0.634880632681
43,1.07433922855,2.39224640594,-0.741187340124,1.18335097295,0.629659882848,1.0,0.624427818935,0.933711360253,0.511592616566,-0.574523027858,0.54299548633,0.66870585412,-0.634880632681
44,1.07433922855,2.39224640594,-0.741187340124,1.18335097295,0.629659882848,1.0,0.624427818935,0.933711360253,0.511592616566,-0.574523027858,0.54299548633,0.66870585412,-0.634880632681
45,1.07433922855,1.02407808473,-0.741187340124,0.845347074744,0.629659882848,1.0,0.624427818935,0.933711360253,0.511592616566,-0.574523027858,0.54299548633,0.66870585412,-0.634880632681
46,1.07433922855,1.02407808473,-0.741187340124,0.845347074744,0.629659882848,1.0,0.624427818935,0.933711360253,0.511592616566,-0.574523027858,0.54299548633,0.66870585412,-0.634880632681
47,1.07433922855,1.02407808473,-0.741187340124,0.845347074744,0.629659882848,1.0,0.624427818935,0.933711360253,0.511592616566,-0.574523027858,0.54299548633,0.66870585412,-0.634880632681
48,0.92310462515,1.02407808473,-0.741187340124,0.845347074744,0.629659882848,1.0,0.624427818935,0.933711360253,0.511592616566,-0.574523027858,0.54299548633,0.66870585412,-0.634880632681
49,0.92310462515,1.02407808473,-0.741187340124,0.845347074744,0.629659882848,1.0,0.624427818935,0.933711360253,0.511592616566,-0.574523027858,0.54299548633,0.66870585412,-0.634880632681
50,0.92310462515,1.02407808473,-0.741187340124,1.52135487115,0.629659882848,1.0,0.624427818935,0.933711360253,0.511592616566,-0.574523027858,0.54299548633,0.66870585412,-0.634880632681
51,0.92310462515,1.02407808473,-0.741187340124,1.52135487115,0.629659882848,1.0,0.624427818935,0.933711360253,0.511592616566,-0.574523027858,0.54299548633,0.66870585412,-0.634880632681
52,0.92310462515,1.02407808473,-0.741187340124,1.52135487115,0.629659882848,1.0,0.624427818935,0.933711360253,0.511592616566,-0.574523027858,0.54299548633,0.66870585412,-0.634880632681
53,0.92310462515,1.02407808473,-0.741187340124,1.52135487115,0.629659882848,1.0,0.624427818935,0.933711360253,0.511592616566,-0.574523027858,0.54299548633,0.66870585412,-0.634880632681
54,0.92310462515,1.02407808473,-0.741187340124,1.52135487115,0.629659882848,1.0,0.624427818935,0.933711360253,0.511592616566,-0.574523027858,0.54299548633,0.66870585412,-0.634880632681
55,1.52804303875,-0.344090236471,-0.373529065468,1.52135487115,0.629659882848,1.0,0.624427818935,0.933711360253,0.511592616566,-0.574523027858,0.54299548633,0.66870585412,-0.634880632681
56,1.67927764216,-0.344090236471,-0.373529065468,1.52135487115,0.629659882848,1.0,0.624427818935,0.933711360253,0.511592616566,-0.574523027858,0.54299548633,0.66870585412,-0.634880632681
57,1.67927764216,-0.344090236471,-0.373529065468,1.52135487115,0.629659882848,1.0,0.624427818935,0.933711360253,0.511592616566,-0.574523027858,0.54299548633,0.66870585412,-0.634880632681
58,1.67927764216,-0.344090236471,-0.373529065468,1.52135487115,0.629659882848,1.0,0.624427818935,0.933711360253,0.511592616566,-0.574523027858,0.54299548633,0.66870585412,-0.634880632681
59,1.67927764216,-0.344090236471,-0.373529065468,1.52135487115,0.629659882848,1.0,0.624427818935,0.933711360253,0.511592616566,-0.574523027858,0.54299548633,0.66870585412,-0.634880632681
60,1.52804303875,-1.25620245061,-0.741187340124,0.169339278341,0.629659882848,1.0,0.624427818935,0.933711360253,0.511592616566,-0.574523027858,0.54299548633,0.66870585412,-0.634880632681
61,1.52804303875,-1.25620245061,-0.741187340124,0.169339278341,0.629659882848,1.0,0.624427818935,0.933711360253,0.511592616566,-0.574523027858,0.54299548633,0.66870585412,-0.634880632681
62,1.37680843535,-1.25620245061,-0.741187340124,0.169339278341,0.629659882848,1.0,0.624427818935,0.933711360253,0.511592616566,-0.574523027858,0.54299548633,0.66870585412,-0.634880632681
63,1.37680843535,-1.25620245061,-0.741187340124,0.169339278341,0.629659882848,1.0,0.624427818935,0.933711360253,0.511592616566,-0.574523027858,0.54299548633,0.66870585412,-0.634880632681
64,1.37680843535,-1.25620245061,-0.741187340124,0.169339278341,0.629659882848,1.0,0.624427818935,0.933711360253,0.511592616566,-0.574523027858,0.54299548633,0.66870585412,-0.634880632681
65,1.52804303875,1.02407808473,-0.741187340124,0.169339278341,0.629659882848,1.0,0.624427818935,0.933711360253,0.511592616566,-0.574523027858,0.54299548633,0.66870585412,-0.634880632681
66,1.52804303875,1.02407808473,-0.741187340124,0.169339278341,0.629659882848,1.0,0.624427818935,0.933711360253,0.511592616566,-0.574523027858,0.54299548633,0.66870585412,-0.634880632681
67,1.52804303875,1.02407808473,-0.741187340124,0.169339278341,0.629659882848,1.0,0.624427818935,0.933711360253,0.511592616566,-0.574523027858,0.54299548633,0.66870585412,-0.634880632681
68,1.52804303875,1.02407808473,-0.741187340124,0.169339278341,0.629659882848,1.0,0.624427818935,0.933711360253,0.511592616566,-0.574523027858,0.54299548633,0.66870585412,-0.634880632681
69,1.52804303875,1.02407808473,-0.741187340124,0.169339278341,0.629659882848,1.0,0.624427818935,0.933711360253,0.511592616566,-0.574523027858,0.54299548633,0.66870585412,-0.634880632681
70,1.67927764216,-0.344090236471,-0.189699928141,-0.168664619861,0.629659882848,1.0,0.624427818935,0.933711360253,0.511592616566,-0.574523027858,0.54299548633,0.66870585412,-0.634880632681
71,1.67927764216,-0.344090236471,-0.189699928141,-0.168664619861,0.629659882848,1.0,0.624427818935,0.933711360253,0.511592616566,-0.574523027858,0.54299548633,0.66870585412,-0.634880632681
72,1.22557383195,-0.344090236471,-0.189699928141,-0.168664619861,0.629659882848,1.0,0.624427818935,0.933711360253,0.511592616566,-0.574523027858,0.54299548633,0.66870585412,-0.634880632681
73,1.22557383195,-0.344090236471,-0.189699928141,-0.168664619861,0.629659882848,1.0,0.624427818935,0.933711360253,0.511592616566,-0.574523027858,0.54299548633,0.66870585412,-0.634880632681
74,0.92310462515,-0.344090236471,-0.189699928141,-0.168664619861,0.629659882848,1.0,0.624427818935,0.933711360253,0.511592616566,-0.574523027858,0.54299548633,0.66870585412,-0.634880632681
75,0.771870021749,-0.344090236471,0.177958346515,0.169339278341,0.629659882848,1.0,0.624427818935,0.933711360253,0.511592616566,-0.574523027858,0.54299548633,0.66870585412,-0.634880632681
76,0.469400814947,-0.344090236471,0.177958346515,0.169339278341,0.629659882848,1.0,0.624427818935,0.933711360253,0.511592616566,-0.574523027858,0.54299548633,0.66870585412,-0.634880632681
77,0.469400814947,-0.344090236471,0.177958346515,0.169339278341,0.629659882848,1.0,0.624427818935,0.933711360253,0.511592616566,-0.574523027858,0.54299548633,0.66870585412,-0.634880632681
78,0.469400814947,-0.344090236471,0.177958346515,0.169339278341,0.629659882848,1.0,0.624427818935,0.933711360253,0.511592616566,-0.574523027858,0.54299548633,0.66870585412,-0.634880632681
79,0.318166211546,-0.344090236471,0.177958346515,0.169339278341,0.629659882848,1.0,0.624427818935,0.933711360253,0.511592616566,-0.574523027858,0.54299548633,0.66870585412,-0.634880632681
80,0.318166211546,-1.25620245061,-0.00587079081286,-0.168664619861,0.629659882848,1.0,0.624427818935,0.933711360253,0.511592616566,-0.574523027858,0.54299548633,0.66870585412,-0.634880632681
81,0.318166211546,-1.25620245061,-0.00587079081286,-0.168664619861,0.629659882848,1.0,0.624427818935,0.933711360253,0.511592616566,-0.574523027858,0.54299548633,0.66870585412,-0.634880632681
82,0.318166211546,-1.25620245061,-0.00587079081286,-0.168664619861,0.629659882848,1.0,0.624427818935,0.933711360253,0.511592616566,-0.574523027858,0.54299548633,0.66870585412,-0.634880632681
83,0.318166211546,-1.25620245061,-0.00587079081286,-0.168664619861,0.629659882848,1.0,0.624427818935,0.933711360253,0.511592616566,-0.574523027858,0.54299548633,0.66870585412,-0.634880632681
84,0.166931608145,-1.25620245061,-0.00587079081286,-0.168664619861,0.629659882848,1.0,0.624427818935,0.933711360253,0.511592616566,-0.574523027858,0.54299548633,0.66870585412,-0.634880632681
85,0.166931608145,0.111965870598,-0.741187340124,0.169339278341,0.629659882848,1.0,0.624427818935,0.933711360253,0.511592616566,-0.574523027858,0.54299548633,0.66870585412,-0.634880632681
86,0.166931608145,0.111965870598,-0.741187340124,0.169339278341,0.629659882848,1.0,0.624427818935,0.933711360253,0.511592616566,-0.574523027858,0.54299548633,0.66870585412,-0.634880632681
87,0.166931608145,0.111965870598,-0.741187340124,0.169339278341,0.629659882848,1.0,0.624427818935,0.933711360253,0.511592616566,-0.574523027858,0.54299548633,0.66870585412,-0.634880632681
88,0.166931608145,0.111965870598,-0.741187340124,0.169339278341,0.629659882848,1.0,0.624427818935,0.933711360253,0.511592616566,-0.574523027858,0.54299548633,0.66870585412,-0.634880632681
89,0.166931608145,0.111965870598,-0.741187340124,0.169339278341,0.629659882848,1.0,0.624427818935,0.933711360253,0.511592616566,-0.574523027858,0.54299548633,0.66870585412,-0.634880632681
90,0.166931608145,1.02407808473,-0.373529065468,-0.168664619861,0.629659882848,1.0,0.624427818935,0.933711360253,0.511592616566,-0.574523027858,0.54299548633,0.66870585412,-0.634880632681
91,0.771870021749,1.02407808473,-0.373529065468,-0.168664619861,0.629659882848,1.0,0.624427818935,0.933711360253,0.511592616566,-0.574523027858,0.54299548633,0.66870585412,-0.634880632681
92,0.92310462515,1.02407808473,-0.373529065468,-0.168664619861,0.629659882848,1.0,0.624427818935,0.933711360253,0.511592616566,-0.574523027858,0.54299548633,0.66870585412,-0.634880632681
93,1.37680843535,1.02407808473,-0.373529065468,-0.168664619861,0.629659882848,1.0,0.624427818935,0.933711360253,0.511592616566,-0.574523027858,0.54299548633,0.66870585412,-0.634880632681
94,1.52804303875,1.02407808473,-0.373529065468,-0.168664619861,0.629659882848,1.0,0.624427818935,0.933711360253,0.511592616566,-0.574523027858,0.54299548633,0.66870585412,-0.634880632681
95,1.37680843535,1.02407808473,-0.189699928141,0.169339278341,0.629659882848,1.0,0.624427818935,0.933711360253,0.511592616566,-0.574523027858,0.54299548633,0.66870585412,-0.634880632681
96,1.37680843535,1.02407808473,-0.189699928141,0.169339278341,0.629659882848,1.0,0.624427818935,0.933711360253,0.511592616566,-0.574523027858,0.54299548633,0.66870585412,-0.634880632681
97,0.92310462515,1.02407808473,-0.189699928141,0.169339278341,0.629659882848,1.0,0.624427818935,0.933711360253,0.511592616566,-0.574523027858,0.54299548633,0.66870585412,-0.634880632681
98,0.92310462515,1.02407808473,-0.189699928141,0.169339278341,0.629659882848,1.0,0.624427818935,0.933711360253,0.511592616566,-0.574523027858,0.54299548633,0.66870585412,-0.634880632681
99,0.469400814947,1.02407808473,-0.189699928141,0.169339278341,0.629659882848,1.0,0.624427818935,0.933711360253,0.511592616566,-0.574523027858,0.54299548633,0.66870585412,-0.634880632681
100,0.469400814947,-0.344090236471,-0.557358202796,-0.168664619861,0.629659882848,1.0,0.624427818935,0.933711360253,0.511592616566,-0.574523027858,0.54299548633,0.66870585412,-0.634880632681
101,0.318166211546,-0.344090236471,-0.557358202796,-0.168664619861,0.629659882848,1.0,0.624427818935,0.933711360253,0.511592616566,-0.574523027858,0.54299548633,0.66870585412,-0.634880632681
102,0.166931608145,-0.344090236471,-0.557358202796,-0.168664619861,0.629659882848,1.0,0.624427818935,0.933711360253,0.511592616566,-0.574523027858,0.54299548633,0.66870585412,-0.634880632681
103,0.166931608145,-0.344090236471,-0.557358202796,-0.168664619861,0.629659882848,1.0,0.624427818935,0.933711360253,0.511592616566,-0.574523027858,0.54299548633,0.66870585412,-0.634880632681
104,0.166931608145,-0.344090236471,-0.557358202796,-0.168664619861,0.629659882848,1.0,0.624427818935,0.933711360253,0.511592616566,-0.574523027858,0.54299548633,0.66870585412,-0.634880632681
105,0.166931608145,0.568021977666,0.177958346515,0.507343176543,0.629659882848,1.0,0.624427818935,0.933711360253,0.511592616566,-0.574523027858,0.54299548633,0.66870585412,-0.634880632681
106,0.166931608145,0.568021977666,0.177958346515,0.507343176543,0.629659882848,1.0,0.624427818935,0.933711360253,0.511592616566,-0.574523027858,0.54299548633,0.66870585412,-0.634880632681
107,0.166931608145,0.568021977666,0.177958346515,0.507343176543,0.629659882848,1.0,0.624427818935,0.933711360253,0.511592616566,-0.574523027858,0.54299548633,0.66870585412,-0.634880632681
108,0.318166211546,0.568021977666,0.177958346515,0.507343176543,0.629659882848,1.0,0.624427818935,0.933711360253,0.511592616566,-0.574523027858,0.54299548633,0.66870585412,-0.634880632681
109,0.469400814947,0.568021977666,0.177958346515,0.507343176543,0.629659882848,1.0,0.624427818935,0.933711360253,0.511592616566,-0.574523027858,0.54299548633,0.66870585412,-0.634880632681
110,0.469400814947,-0.800146343539,-0.373529065468,-0.168664619861,-0.642354638551,1.0,0.624427818935,0.933711360253,0.511592616566,-0.574523027858,0.54299548633,0.66870585412,-0.634880632681
111,0.469400814947,-0.800146343539,-0.373529065468,-0.168664619861,-0.642354638551,1.0,0.624427818935,0.933711360253,0.511592616566,-0.574523027858,0.54299548633,0.66870585412,-0.634880632681
112,0.620635418348,-0.800146343539,-0.373529065468,-0.168664619861,-0.642354638551,1.0,0.624427818935,0.933711360253,0.511592616566,-0.574523027858,0.54299548633,0.66870585412,-0.634880632681
113,0.620635418348,-0.800146343539,-0.373529065468,-0.168664619861,-0.642354638551,1.0,0.624427818935,0.933711360253,0.511592616566,-0.574523027858,0.54299548633,0.66870585412,-0.634880632681
114,0.620635418348,-0.800146343539,-0.373529065468,-0.168664619861,-0.642354638551,1.0,0.624427818935,0.933711360253,0.511592616566,-0.574523027858,0.54299548633,0.66870585412,-0.634880632681
115,0.771870021749,0.568021977666,0.177958346515,-0.168664619861,-0.642354638551,1.0,0.624427818935,0.933711360253,0.511592616566,-0.574523027858,0.54299548633,0.66870585412,-0.634880632681
116,0.771870021749,0.568021977666,0.177958346515,-0.168664619861,-0.642354638551,1.0,0.624427818935,0.933711360253,0.511592616566,-0.574523027858,0.54299548633,0.66870585412,-0.634880632681
117,0.620635418348,0.568021977666,0.177958346515,-0.168664619861,-0.642354638551,1.0,0.624427818935,0.933711360253,0.511592616566,-0.574523027858,0.54299548633,0.66870585412,-0.634880632681
118,0.620635418348,0.568021977666,0.177958346515,-0.168664619861,-0.642354638551,1.0,0.624427818935,0.933711360253,0.511592616566,-0.574523027858,0.54299548633,0.66870585412,-0.634880632681
119,0.620635418348,0.568021977666,0.177958346515,-0.168664619861,-0.642354638551,1.0,0.624427818935,0.933711360253,0.511592616566,-0.574523027858,0.54299548633,0.66870585412,-0.634880632681
120,0.620635418348,1.02407808473,0.729445758498,0.169339278341,-0.642354638551,1.0,0.624427818935,0.933711360253,0.511592616566,-0.574523027858,0.54299548633,0.66870585412,-0.634880632681
121,0.318166211546,1.02407808473,0.729445758498,0.169339278341,-0.642354638551,1.0,0.624427818935,0.933711360253,0.511592616566,-0.574523027858,0.54299548633,0.66870585412,-0.634880632681
122,0.318166211546,1.02407808473,0.729445758498,0.169339278341,-0.642354638551,1.0,0.624427818935,0.933711360253,0.511592616566,-0.574523027858,0.54299548633,0.66870585412,-0.634880632681
123,0.318166211546,1.02407808473,0.729445758498,0.169339278341,-0.642354638551,1.0,0.624427818935,0.933711360253,0.511592616566,-0.574523027858,0.54299548633,0.66870585412,-0.634880632681
124,0.318166211546,1.02407808473,0.729445758498,0.169339278341,-0.642354638551,1.0,0.624427818935,0.933711360253,0.511592616566,-0.574523027858,0.54299548633,0.66870585412,-0.634880632681
125,0.318166211546,1.4801341918,0.177958346515,-0.168664619861,-0.387951734271,1.0,0.624427818935,0.933711360253,0.511592616566,-0.574523027858,0.54299548633,0.66870585412,-0.634880632681
126,0.318166211546,1.4801341918,0.177958346515,-0.168664619861,-0.387951734271,1.0,0.624427818935,0.933711360253,0.511592616566,-0.574523027858,0.54299548633,0.66870585412,-0.634880632681
127,0.166931608145,1.4801341918,0.177958346515,-0.168664619861,-0.387951734271,1.0,0.624427818935,0.933711360253,0.511592616566,-0.574523027858,0.54299548633,0.66870585412,-0.634880632681
128,0.166931608145,1.4801341918,0.177958346515,-0.168664619861,-0.387951734271,1.0,0.624427818935,0.933711360253,0.511592616566,-0.574523027858,0.54299548633,0.66870585412,-0.634880632681
129,0.166931608145,1.4801341918,0.177958346515,-0.168664619861,-0.387951734271,1.0,0.624427818935,0.933711360253,0.511592616566,-0.574523027858,0.54299548633,0.66870585412,-0.634880632681
130,0.166931608145,-0.800146343539,-0.189699928141,0.169339278341,0.629659882848,1.0,0.624427818935,0.933711360253,0.511592616566,-0.574523027858,0.54299548633,0.66870585412,-0.634880632681
131,0.166931608145,-0.800146343539,-0.189699928141,0.169339278341,0.629659882848,1.0,0.624427818935,0.933711360253,0.511592616566,-0.574523027858,0.54299548633,0.66870585412,-0.634880632681
132,0.166931608145,-0.800146343539,-0.189699928141,0.169339278341,0.629659882848,1.0,0.624427818935,0.933711360253,0.511592616566,-0.574523027858,0.54299548633,0.66870585412,-0.634880632681
133,0.166931608145,-0.800146343539,-0.189699928141,0.169339278341,0.629659882848,1.0,0.624427818935,0.933711360253,0.511592616566,-0.574523027858,0.54299548633,0.66870585412,-0.634880632681
134,0.166931608145,-0.800146343539,-0.189699928141,0.169339278341,0.629659882848,1.0,0.624427818935,0.933711360253,0.511592616566,-0.574523027858,0.54299548633,0.66870585412,-0.634880632681
135,0.166931608145,-0.800146343539,-0.189699928141,0.845347074744,0.629659882848,1.0,0.624427818935,0.933711360253,0.511592616566,-0.574523027858,0.54299548633,0.66870585412,-0.634880632681
136,0.166931608145,-0.800146343539,-0.189699928141,0.845347074744,0.629659882848,1.0,0.624427818935,0.933711360253,0.511592616566,-0.574523027858,0.54299548633,0.66870585412,-0.634880632681
137,0.771870021749,-0.800146343539,-0.189699928141,0.845347074744,0.629659882848,1.0,0.624427818935,0.933711360253,0.511592616566,-0.574523027858,0.54299548633,0.66870585412,-0.634880632681
138,0.771870021749,-0.800146343539,-0.189699928141,0.845347074744,0.629659882848,1.0,0.624427818935,0.933711360253,0.511592616566,-0.574523027858,0.54299548633,0.66870585412,-0.634880632681
139,1.22557383195,-0.800146343539,-0.189699928141,0.845347074744,0.629659882848,1.0,0.624427818935,0.933711360253,0.511592616566,-0.574523027858,0.54299548633,0.66870585412,-0.634880632681
140,1.52804303875,-0.344090236471,1.09710403315,-0.168664619861,0.629659882848,1.0,0.624427818935,0.933711360253,0.511592616566,-0.574523027858,0.54299548633,0.66870585412,-0.634880632681
141,1.52804303875,-0.344090236471,1.09710403315,-0.168664619861,0.629659882848,1.0,0.624427818935,0.933711360253,0.511592616566,-0.574523027858,0.54299548633,0.66870585412,-0.634880632681
142,1.52804303875,-0.344090236471,1.09710403315,-0.168664619861,0.629659882848,1.0,0.624427818935,0.933711360253,0.511592616566,-0.574523027858,0.54299548633,0.66870585412,-0.634880632681
143,1.52804303875,-0.344090236471,1.09710403315,-0.168664619861,0.629659882848,1.0,0.624427818935,0.933711360253,0.511592616566,-0.574523027858,0.54299548633,0.66870585412,-0.634880632681
144,1.22557383195,-0.344090236471,1.09710403315,-0.168664619861,0.629659882848,1.0,0.624427818935,0.933711360253,0.511592616566,-0.574523027858,0.54299548633,0.66870585412,-0.634880632681
145,0.92310462515,1.02407808473,0.361787483843,-0.168664619861,0.629659882848,1.0,0.624427818935,0.933711360253,0.511592616566,-0.574523027858,0.54299548633,0.66870585412,-0.634880632681
146,0.469400814947,1.02407808473,0.361787483843,-0.168664619861,0.629659882848,1.0,0.624427818935,0.933711360253,0.511592616566,-0.574523027858,0.54299548633,0.66870585412,-0.634880632681
147,0.469400814947,1.02407808473,0.361787483843,-0.168664619861,0.629659882848,1.0,0.624427818935,0.933711360253,0.511592616566,-0.574523027858,0.54299548633,0.66870585412,-0.634880632681
148,-0.286772202058,1.02407808473,0.361787483843,-0.168664619861,0.629659882848,1.0,0.624427818935,0.933711360253,0.511592616566,-0.574523027858,0.54299548633,0.66870585412,-0.634880632681
149,-0.438006805459,1.02407808473,0.361787483843,-0.168664619861,0.629659882848,1.0,0.624427818935,0.933711360253,0.511592616566,-0.574523027858,0.54299548633,0.66870585412,-0.634880632681
150,-0.891710615662,1.02407808473,0.177958346515,0.169339278341,0.629659882848,1.0,0.624427818935,0.933711360253,0.511592616566,-0.574523027858,0.54299548633,0.66870585412,-0.634880632681
151,-0.891710615662,1.02407808473,0.177958346515,0.169339278341,0.629659882848,1.0,0.624427818935,0.933711360253,0.511592616566,-0.574523027858,0.54299548633,0.66870585412,-0.634880632681
152,-1.04294521906,1.02407808473,0.177958346515,0.169339278341,0.629659882848,1.0,0.624427818935,0.933711360253,0.511592616566,-0.574523027858,0.54299548633,0.66870585412,-0.634880632681
153,-1.04294521906,1.02407808473,0.177958346515,0.169339278341,0.629659882848,1.0,0.624427818935,0.933711360253,0.511592616566,-0.574523027858,0.54299548633,0.66870585412,-0.634880632681
154,-1.04294521906,1.02407808473,0.177958346515,0.169339278341,0.629659882848,1.0,0.624427818935,0.933711360253,0.511592616566,-0.574523027858,0.54299548633,0.66870585412,-0.634880632681
155,-1.04294521906,1.02407808473,0.729445758498,-0.168664619861,0.629659882848,1.0,0.624427818935,0.933711360253,0.511592616566,-0.574523027858,0.54299548633,0.66870585412,-0.634880632681
156,-1.04294521906,1.02407808473,0.729445758498,-0.168664619861,0.629659882848,1.0,0.624427818935,0.933711360253,0.511592616566,-0.574523027858,0.54299548633,0.66870585412,-0.634880632681
157,-1.19417982246,1.02407808473,0.729445758498,-0.168664619861,0.629659882848,1.0,0.624427818935,0.933711360253,0.511592616566,-0.574523027858,0.54299548633,0.66870585412,-0.634880632681
158,-1.19417982246,1.02407808473,0.729445758498,-0.168664619861,0.629659882848,1.0,0.624427818935,0.933711360253,0.511592616566,-0.574523027858,0.54299548633,0.66870585412,-0.634880632681
159,-1.19417982246,1.02407808473,0.729445758498,-0.168664619861,0.629659882848,1.0,0.624427818935,0.933711360253,0.511592616566,-0.574523027858,0.54299548633,0.66870585412,-0.634880632681
160,-1.19417982246,1.02407808473,0.177958346515,1.52135487115,0.629659882848,1.0,0.624427818935,0.933711360253,0.511592616566,-0.574523027858,0.54299548633,0.66870585412,-0.634880632681
161,-1.19417982246,1.02407808473,0.177958346515,1.52135487115,0.629659882848,1.0,0.624427818935,0.933711360253,0.511592616566,-0.574523027858,0.54299548633,0.66870585412,-0.634880632681
162,-1.19417982246,1.02407808473,0.177958346515,1.52135487115,0.629659882848,1.0,0.624427818935,0.933711360253,0.511592616566,-0.574523027858,0.54299548633,0.66870585412,-0.634880632681
163,-0.891710615662,1.02407808473,0.177958346515,1.52135487115,0.629659882848,1.0,0.624427818935,0.933711360253,0.511592616566,-0.574523027858,0.54299548633,0.66870585412,-0.634880632681
164,-0.740476012261,1.02407808473,0.177958346515,1.52135487115,0.629659882848,1.0,0.624427818935,0.933711360253,0.511592616566,-0.574523027858,0.54299548633,0.66870585412,-0.634880632681
165,-0.58924140886,1.02407808473,0.361787483843,1.18335097295,0.629659882848,1.0,0.624427818935,0.933711360253,0.511592616566,-0.574523027858,0.54299548633,0.66870585412,-0.634880632681
166,-0.135537598657,1.02407808473,0.361787483843,1.18335097295,0.629659882848,1.0,0.624427818935,0.933711360253,0.511592616566,-0.574523027858,0.54299548633,0.66870585412,-0.634880632681
167,-0.135537598657,1.02407808473,0.361787483843,1.18335097295,0.629659882848,1.0,0.624427818935,0.933711360253,0.511592616566,-0.574523027858,0.54299548633,0.66870585412,-0.634880632681
168,0.0156970047442,1.02407808473,0.361787483843,1.18335097295,0.629659882848,1.0,0.624427818935,0.933711360253,0.511592616566,-0.574523027858,0.54299548633,0.66870585412,-0.634880632681
169,0.166931608145,1.02407808473,0.361787483843,1.18335097295,0.629659882848,1.0,0.624427818935,0.933711360253,0.511592616566,-0.574523027858,0.54299548633,0.66870585412,-0.634880632681
170,0.469400814947,1.02407808473,0.177958346515,1.18335097295,0.629659882848,1.0,0.624427818935,0.933711360253,0.511592616566,-0.574523027858,0.54299548633,0.66870585412,-0.634880632681
171,0.469400814947,1.02407808473,0.177958346515,1.18335097295,0.629659882848,1.0,0.624427818935,0.933711360253,0.511592616566,-0.574523027858,0.54299548633,0.66870585412,-0.634880632681
172,0.620635418348,1.02407808473,0.177958346515,1.18335097295,0.629659882848,1.0,0.624427818935,0.933711360253,0.511592616566,-0.574523027858,0.54299548633,0.66870585412,-0.634880632681
173,0.620635418348,1.02407808473,0.177958346515,1.18335097295,0.629659882848,1.0,0.624427818935,0.933711360253,0.511592616566,-0.574523027858,0.54299548633,0.66870585412,-0.634880632681
174,0.620635418348,1.02407808473,0.177958346515,1.18335097295,0.629659882848,1.0,0.624427818935,0.933711360253,0.511592616566,-0.574523027858,0.54299548633,0.66870585412,-0.634880632681
175,0.620635418348,1.02407808473,0.54561662117,-0.168664619861,0.629659882848,1.0,0.624427818935,0.933711360253,0.511592616566,-0.574523027858,0.54299548633,0.66870585412,-0.634880632681
176,0.166931608145,1.02407808473,0.54561662117,-0.168664619861,0.629659882848,1.0,0.624427818935,0.933711360253,0.511592616566,-0.574523027858,0.54299548633,0.66870585412,-0.634880632681
177,0.166931608145,1.02407808473,0.54561662117,-0.168664619861,0.629659882848,1.0,0.624427818935,0.933711360253,0.511592616566,-0.574523027858,0.54299548633,0.66870585412,-0.634880632681
178,0.0156970047442,1.02407808473,0.54561662117,-0.168664619861,0.629659882848,1.0,0.624427818935,0.933711360253,0.511592616566,-0.574523027858,0.54299548633,0.66870585412,-0.634880632681
179,-0.135537598657,1.02407808473,0.54561662117,-0.168664619861,0.629659882848,1.0,0.624427818935,0.933711360253,0.511592616566,-0.574523027858,0.54299548633,0.66870585412,-0.634880632681
180,-0.135537598657,1.02407808473,-0.00587079081286,0.507343176543,0.629659882848,1.0,0.624427818935,0.933711360253,0.511592616566,-0.574523027858,0.54299548633,0.66870585412,-0.634880632681
181,-0.135537598657,1.02407808473,-0.00587079081286,0.507343176543,0.629659882848,1.0,0.624427818935,0.933711360253,0.511592616566,-0.574523027858,0.54299548633,0.66870585412,-0.634880632681
182,-0.135537598657,1.02407808473,-0.00587079081286,0.507343176543,0.629659882848,1.0,0.624427818935,0.933711360253,0.511592616566,-0.574523027858,0.54299548633,0.66870585412,-0.634880632681
183,-0.135537598657,1.02407808473,-0.00587079081286,0.507343176543,0.629659882848,1.0,0.624427818935,0.933711360253,0.511592616566,-0.574523027858,0.54299548633,0.66870585412,-0.634880632681
184,-0.286772202058,1.02407808473,-0.00587079081286,0.507343176543,0.629659882848,1.0,0.624427818935,0.933711360253,0.511592616566,-0.574523027858,0.54299548633,0.66870585412,-0.634880632681
185,-0.286772202058,1.02407808473,-0.925016477451,-0.168664619861,0.629659882848,1.0,0.624427818935,0.933711360253,0.511592616566,-0.574523027858,0.54299548633,0.66870585412,-0.634880632681
186,-0.286772202058,1.02407808473,-0.925016477451,-0.168664619861,0.629659882848,1.0,0.624427818935,0.933711360253,0.511592616566,-0.574523027858,0.54299548633,0.66870585412,-0.634880632681
187,-0.135537598657,1.02407808473,-0.925016477451,-0.168664619861,0.629659882848,1.0,0.624427818935,0.933711360253,0.511592616566,-0.574523027858,0.54299548633,0.66870585412,-0.634880632681
188,-0.135537598657,1.02407808473,-0.925016477451,-0.168664619861,0.629659882848,1.0,0.624427818935,0.933711360253,0.511592616566,-0.574523027858,0.54299548633,0.66870585412,-0.634880632681
189,0.166931608145,1.02407808473,-0.925016477451,-0.168664619861,0.629659882848,1.0,0.624427818935,0.933711360253,0.511592616566,-0.574523027858,0.54299548633,0.66870585412,-0.634880632681
190,0.318166211546,1.02407808473,-0.741187340124,0.169339278341,0.629659882848,1.0,0.624427818935,0.933711360253,0.511592616566,-0.574523027858,0.54299548633,0.66870585412,-0.634880632681
191,0.469400814947,1.02407808473,-0.741187340124,0.169339278341,0.629659882848,1.0,0.624427818935,0.933711360253,0.511592616566,-0.574523027858,0.54299548633,0.66870585412,-0.634880632681
192,0.469400814947,1.02407808473,-0.741187340124,0.169339278341,0.629659882848,1.0,0.624427818935,0.933711360253,0.511592616566,-0.574523027858,0.54299548633,0.66870585412,-0.634880632681
193,0.469400814947,1.02407808473,-0.741187340124,0.169339278341,0.629659882848,1.0,0.624427818935,0.933711360253,0.511592616566,-0.574523027858,0.54299548633,0.66870585412,-0.634880632681
194,0.318166211546,1.02407808473,-0.741187340124,0.169339278341,0.629659882848,1.0,0.624427818935,0.933711360253,0.511592616566,-0.574523027858,0.54299548633,0.66870585412,-0.634880632681
195,0.318166211546,1.02407808473,-0.557358202796,-0.168664619861,0.629659882848,1.0,0.624427818935,0.933711360253,0.511592616566,-0.574523027858,0.54299548633,0.66870585412,-0.634880632681
196,0.318166211546,1.02407808473,-0.557358202796,-0.168664619861,0.629659882848,1.0,0.624427818935,0.933711360253,0.511592616566,-0.574523027858,0.54299548633,0.66870585412,-0.634880632681
197,0.318166211546,1.02407808473,-0.557358202796,-0.168664619861,0.629659882848,1.0,0.624427818935,0.933711360253,0.511592616566,-0.574523027858,0.54299548633,0.66870585412,-0.634880632681
198,0.166931608145,1.02407808473,-0.557358202796,-0.168664619861,0.629659882848,1.0,0.624427818935,0.933711360253,0.511592616566,-0.574523027858,0.54299548633,0.66870585412,-0.634880632681
199,0.0156970047442,1.02407808473,-0.557358202796,-0.168664619861,0.629659882848,1.0,0.624427818935,0.933711360253,0.511592616566,-0.574523027858,0.54299548633,0.66870585412,-0.634880632681
200,0.0156970047442,-0.800146343539,-0.557358202796,0.169339278341,0.629659882848,1.0,0.624427818935,0.933711360253,0.511592616566,-0.574523027858,0.54299548633,0.66870585412,-0.634880632681
201,0.0156970047442,-0.800146343539,-0.557358202796,0.169339278341,0.629659882848,1.0,0.624427818935,0.933711360253,0.511592616566,-0.574523027858,0.54299548633,0.66870585412,-0.634880632681
202,0.0156970047442,-0.800146343539,-0.557358202796,0.169339278341,0.629659882848,1.0,0.624427818935,0.933711360253,0.511592616566,-0.574523027858,0.54299548633,0.66870585412,-0.634880632681
203,0.0156970047442,-0.800146343539,-0.557358202796,0.169339278341,0.629659882848,1.0,0.624427818935,0.933711360253,0.511592616566,-0.574523027858,0.54299548633,0.66870585412,-0.634880632681
204,0.0156970047442,-0.800146343539,-0.557358202796,0.169339278341,0.629659882848,1.0,0.624427818935,0.933711360253,0.511592616566,-0.574523027858,0.54299548633,0.66870585412,-0.634880632681
205,0.0156970047442,-1.25620245061,-0.373529065468,-0.168664619861,0.629659882848,1.0,0.624427818935,0.933711360253,0.511592616566,-0.574523027858,0.54299548633,0.66870585412,-0.634880632681
206,0.0156970047442,-1.25620245061,-0.373529065468,-0.168664619861,0.629659882848,1.0,0.624427818935,0.933711360253,0.511592616566,-0.574523027858,0.54299548633,0.66870585412,-0.634880632681
207,0.0156970047442,-1.25620245061,-0.373529065468,-0.168664619861,0.629659882848,1.0,0.624427818935,0.933711360253,0.511592616566,-0.574523027858,0.54299548633,0.66870585412,-0.634880632681
208,0.0156970047442,-1.25620245061,-0.373529065468,-0.168664619861,0.629659882848,1.0,0.624427818935,0.933711360253,0.511592616566,-0.574523027858,0.54299548633,0.66870585412,-0.634880632681
209,0.0156970047442,-1.25620245061,-0.373529065468,-0.168664619861,0.629659882848,1.0,0.624427818935,0.933711360253,0.511592616566,-0.574523027858,0.54299548633,0.66870585412,-0.634880632681
210,0.0156970047442,-0.800146343539,-1.10884561478,-0.168664619861,0.629659882848,1.0,0.624427818935,0.933711360253,0.511592616566,-0.574523027858,0.54299548633,0.66870585412,-0.634880632681
211,0.0156970047442,-0.800146343539,-1.10884561478,-0.168664619861,0.629659882848,1.0,0.624427818935,0.933711360253,0.511592616566,-0.574523027858,0.54299548633,0.66870585412,-0.634880632681
212,0.0156970047442,-0.800146343539,-1.10884561478,-0.168664619861,0.629659882848,1.0,0.624427818935,0.933711360253,0.511592616566,-0.574523027858,0.54299548633,0.66870585412,-0.634880632681
213,0.166931608145,-0.800146343539,-1.10884561478,-0.168664619861,0.629659882848,1.0,0.624427818935,0.933711360253,0.511592616566,-0.574523027858,0.54299548633,0.66870585412,-0.634880632681
214,0.166931608145,-0.800146343539,-1.10884561478,-0.168664619861,0.629659882848,1.0,0.624427818935,0.933711360253,0.511592616566,-0.574523027858,0.54299548633,0.66870585412,-0.634880632681
215,0.318166211546,-1.25620245061,-1.47650388943,-0.168664619861,0.629659882848,1.0,0.624427818935,0.933711360253,0.511592616566,-0.574523027858,0.54299548633,0.66870585412,-0.634880632681
216,0.469400814947,-1.25620245061,-1.47650388943,-0.168664619861,0.629659882848,1.0,0.624427818935,0.933711360253,0.511592616566,-0.574523027858,0.54299548633,0.66870585412,-0.634880632681
217,0.620635418348,-1.25620245061,-1.47650388943,-0.168664619861,0.629659882848,1.0,0.624427818935,0.933711360253,0.511592616566,-0.574523027858,0.54299548633,0.66870585412,-0.634880632681
218,0.620635418348,-1.25620245061,-1.47650388943,-0.168664619861,0.629659882848,1.0,0.624427818935,0.933711360253,0.511592616566,-0.574523027858,0.54299548633,0.66870585412,-0.634880632681
219,0.620635418348,-1.25620245061,-1.47650388943,-0.168664619861,0.629659882848,1.0,0.624427818935,0.933711360253,0.511592616566,-0.574523027858,0.54299548633,0.66870585412,-0.634880632681
220,0.771870021749,1.02407808473,-1.66033302676,0.507343176543,0.629659882848,1.0,0.624427818935,0.933711360253,0.511592616566,-0.574523027858,0.54299548633,0.66870585412,-0.634880632681
221,0.771870021749,1.02407808473,-1.66033302676,0.507343176543,0.629659882848,1.0,0.624427818935,0.933711360253,0.511592616566,-0.574523027858,0.54299548633,0.66870585412,-0.634880632681
222,0.92310462515,1.02407808473,-1.66033302676,0.507343176543,0.629659882848,1.0,0.624427818935,0.933711360253,0.511592616566,-0.574523027858,0.54299548633,0.66870585412,-0.634880632681
223,1.07433922855,1.02407808473,-1.66033302676,0.507343176543,0.629659882848,1.0,0.624427818935,0.933711360253,0.511592616566,-0.574523027858,0.54299548633,0.66870585412,-0.634880632681
224,1.07433922855,1.02407808473,-1.66033302676,0.507343176543,0.629659882848,1.0,0.624427818935,0.933711360253,0.511592616566,-0.574523027858,0.54299548633,0.66870585412,-0.634880632681
225,1.07433922855,1.02407808473,-1.29267475211,-0.168664619861,0.375256978569,1.0,0.624427818935,0.933711360253,0.511592616566,-0.574523027858,0.54299548633,0.66870585412,-0.634880632681
226,1.07433922855,1.02407808473,-1.29267475211,-0.168664619861,0.375256978569,1.0,0.624427818935,0.933711360253,0.511592616566,-0.574523027858,0.54299548633,0.66870585412,-0.634880632681
227,0.771870021749,1.02407808473,-1.29267475211,-0.168664619861,0.375256978569,1.0,0.624427818935,0.933711360253,0.511592616566,-0.574523027858,0.54299548633,0.66870585412,-0.634880632681
228,0.771870021749,1.02407808473,-1.29267475211,-0.168664619861,0.375256978569,1.0,0.624427818935,0.933711360253,0.511592616566,-0.574523027858,0.54299548633,0.66870585412,-0.634880632681
229,0.771870021749,1.02407808473,-1.29267475211,-0.168664619861,0.375256978569,1.0,0.624427818935,0.933711360253,0.511592616566,-0.574523027858,0.54299548633,0.66870585412,-0.634880632681
230,0.620635418348,-0.800146343539,-1.66033302676,0.169339278341,-0.642354638551,1.0,0.624427818935,0.933711360253,0.511592616566,-0.574523027858,0.54299548633,0.66870585412,-0.634880632681
231,0.469400814947,-0.800146343539,-1.66033302676,0.169339278341,-0.642354638551,1.0,0.624427818935,0.933711360253,0.511592616566,-0.574523027858,0.54299548633,0.66870585412,-0.634880632681
232,0.469400814947,-0.800146343539,-1.66033302676,0.169339278341,-0.642354638551,1.0,0.624427818935,0.933711360253,0.511592616566,-0.574523027858,0.54299548633,0.66870585412,-0.634880632681
233,0.469400814947,-0.800146343539,-1.66033302676,0.169339278341,-0.642354638551,1.0,0.624427818935,0.933711360253,0.511592616566,-0.574523027858,0.54299548633,0.66870585412,-0.634880632681
234,0.469400814947,-0.800146343539,-1.66033302676,0.169339278341,-0.642354638551,1.0,0.624427818935,0.933711360253,0.511592616566,-0.574523027858,0.54299548633,0.66870585412,-0.634880632681
235,0.469400814947,-1.25620245061,-0.925016477451,-0.168664619861,-0.642354638551,1.0,0.624427818935,0.933711360253,0.511592616566,-0.574523027858,0.54299548633,0.66870585412,-0.634880632681
236,0.166931608145,-1.25620245061,-0.925016477451,-0.168664619861,-0.642354638551,1.0,0.624427818935,0.933711360253,0.511592616566,-0.574523027858,0.54299548633,0.66870585412,-0.634880632681
237,0.166931608145,-1.25620245061,-0.925016477451,-0.168664619861,-0.642354638551,1.0,0.624427818935,0.933711360253,0.511592616566,-0.574523027858,0.54299548633,0.66870585412,-0.634880632681
238,0.166931608145,-1.25620245061,-0.925016477451,-0.168664619861,-0.642354638551,1.0,0.624427818935,0.933711360253,0.511592616566,-0.574523027858,0.54299548633,0.66870585412,-0.634880632681
239,0.166931608145,-1.25620245061,-0.925016477451,-0.168664619861,-0.642354638551,1.0,0.624427818935,0.933711360253,0.511592616566,-0.574523027858,0.54299548633,0.66870585412,-0.634880632681
240,0.166931608145,1.02407808473,-1.66033302676,0.845347074744,-0.642354638551,1.0,0.624427818935,0.933711360253,0.511592616566,-0.574523027858,0.54299548633,0.66870585412,-0.634880632681
241,0.166931608145,1.02407808473,-1.66033302676,0.845347074744,-0.642354638551,1.0,0.624427818935,0.933711360253,0.511592616566,-0.574523027858,0.54299548633,0.66870585412,-0.634880632681
242,0.166931608145,1.02407808473,-1.66033302676,0.845347074744,-0.642354638551,1.0,0.624427818935,0.933711360253,0.511592616566,-0.574523027858,0.54299548633,0.66870585412,-0.634880632681
243,0.166931608145,1.02407808473,-1.66033302676,0.845347074744,-0.642354638551,1.0,0.624427818935,0.933711360253,0.511592616566,-0.574523027858,0.54299548633,0.66870585412,-0.634880632681
244,0.166931608145,1.02407808473,-1.66033302676,0.845347074744,-0.642354638551,1.0,0.624427818935,0.933711360253,0.511592616566,-0.574523027858,0.54299548633,0.66870585412,-0.634880632681
245,-0.286772202058,-1.25620245061,-0.373529065468,-0.168664619861,-0.642354638551,1.0,0.624427818935,0.933711360253,0.511592616566,-0.574523027858,0.54299548633,0.66870585412,-0.634880632681
246,-0.286772202058,-1.25620245061,-0.373529065468,-0.168664619861,-0.642354638551,1.0,0.624427818935,0.933711360253,0.511592616566,-0.574523027858,0.54299548633,0.66870585412,-0.634880632681
247,-0.438006805459,-1.25620245061,-0.373529065468,-0.168664619861,-0.642354638551,1.0,0.624427818935,0.933711360253,0.511592616566,-0.574523027858,0.54299548633,0.66870585412,-0.634880632681
248,-0.58924140886,-1.25620245061,-0.373529065468,-0.168664619861,-0.642354638551,1.0,0.624427818935,0.933711360253,0.511592616566,-0.574523027858,0.54299548633,0.66870585412,-0.634880632681
249,-0.740476012261,-1.25620245061,-0.373529065468,-0.168664619861,-0.642354638551,1.0,0.624427818935,0.933711360253,0.511592616566,-0.574523027858,0.54299548633,0.66870585412,-0.634880632681
250,-0.891710615662,-0.344090236471,-1.66033302676,1.52135487115,-0.642354638551,1.0,0.624427818935,0.933711360253,0.511592616566,-0.574523027858,0.54299548633,0.66870585412,-0.634880632681
251,-0.891710615662,-0.344090236471,-1.66033302676,1.52135487115,-0.642354638551,1.0,0.624427818935,0.933711360253,0.511592616566,-0.574523027858,0.54299548633,0.66870585412,-0.634880632681
252,-0.891710615662,-0.344090236471,-1.66033302676,1.52135487115,-0.642354638551,1.0,0.624427818935,0.933711360253,0.511592616566,-0.574523027858,0.54299548633,0.66870585412,-0.634880632681
253,-0.740476012261,-0.344090236471,-1.66033302676,1.52135487115,-0.642354638551,1.0,0.624427818935,0.933711360253,0.511592616566,-0.574523027858,0.54299548633,0.66870585412,-0.634880632681
254,-0.58924140886,-0.344090236471,-1.66033302676,1.52135487115,-0.642354638551,1.0,0.624427818935,0.933711360253,0.511592616566,-0.574523027858,0.54299548633,0.66870585412,-0.634880632681
255,-0.58924140886,-0.800146343539,-0.925016477451,1.85935876935,-0.642354638551,1.0,0.624427818935,0.933711360253,0.511592616566,-0.574523027858,0.54299548633,0.66870585412,-0.634880632681
256,-0.58924140886,-0.800146343539,-0.925016477451,1.85935876935,-0.642354638551,1.0,0.624427818935,0.933711360253,0.511592616566,-0.574523027858,0.54299548633,0.66870585412,-0.634880632681
257,-0.286772202058,-0.800146343539,-0.925016477451,1.85935876935,-0.642354638551,1.0,0.624427818935,0.933711360253,0.511592616566,-0.574523027858,0.54299548633,0.66870585412,-0.634880632681
258,-0.286772202058,-0.800146343539,-0.925016477451,1.85935876935,-0.642354638551,1.0,0.624427818935,0.933711360253,0.511592616566,-0.574523027858,0.54299548633,0.66870585412,-0.634880632681
259,-0.135537598657,-0.800146343539,-0.925016477451,1.85935876935,-0.642354638551,1.0,0.624427818935,0.933711360253,0.511592616566,-0.574523027858,0.54299548633,0.66870585412,-0.634880632681
260,0.0156970047442,1.02407808473,-0.741187340124,1.52135487115,-0.642354638551,1.0,0.624427818935,0.933711360253,0.511592616566,-0.574523027858,0.54299548633,0.66870585412,-0.634880632681
261,0.318166211546,1.02407808473,-0.741187340124,1.52135487115,-0.642354638551,1.0,0.624427818935,0.933711360253,0.511592616566,-0.574523027858,0.54299548633,0.66870585412,-0.634880632681
262,0.620635418348,1.02407808473,-0.741187340124,1.52135487115,-0.642354638551,1.0,0.624427818935,0.933711360253,0.511592616566,-0.574523027858,0.54299548633,0.66870585412,-0.634880632681
263,0.620635418348,1.02407808473,-0.741187340124,1.52135487115,-0.642354638551,1.0,0.624427818935,0.933711360253,0.511592616566,-0.574523027858,0.54299548633,0.66870585412,-0.634880632681
264,0.620635418348,1.02407808473,-0.741187340124,1.52135487115,-0.642354638551,1.0,0.624427818935,0.933711360253,0.511592616566,-0.574523027858,0.54299548633,0.66870585412,-0.634880632681
265,0.771870021749,-0.344090236471,-0.189699928141,0.507343176543,-0.642354638551,1.0,0.624427818935,0.933711360253,0.511592616566,-0.574523027858,0.54299548633,0.66870585412,-0.634880632681
266,0.771870021749,-0.344090236471,-0.189699928141,0.507343176543,-0.642354638551,1.0,0.624427818935,0.933711360253,0.511592616566,-0.574523027858,0.54299548633,0.66870585412,-0.634880632681
267,0.771870021749,-0.344090236471,-0.189699928141,0.507343176543,-0.642354638551,1.0,0.624427818935,0.933711360253,0.511592616566,-0.574523027858,0.54299548633,0.66870585412,-0.634880632681
268,0.771870021749,-0.344090236471,-0.189699928141,0.507343176543,-0.642354638551,1.0,0.624427818935,0.933711360253,0.511592616566,-0.574523027858,0.54299548633,0.66870585412,-0.634880632681
269,0.620635418348,-0.344090236471,-0.189699928141,0.507343176543,-0.642354638551,1.0,0.624427818935,0.933711360253,0.511592616566,-0.574523027858,0.54299548633,0.66870585412,-0.634880632681
270,0.469400814947,1.02407808473,0.177958346515,-0.168664619861,-0.642354638551,1.0,0.624427818935,0.933711360253,0.511592616566,-0.574523027858,0.54299548633,0.66870585412,-0.634880632681
271,0.318166211546,1.02407808473,0.177958346515,-0.168664619861,-0.642354638551,1.0,0.624427818935,0.933711360253,0.511592616566,-0.574523027858,0.54299548633,0.66870585412,-0.634880632681
272,0.318166211546,1.02407808473,0.177958346515,-0.168664619861,-0.642354638551,1.0,0.624427818935,0.933711360253,0.511592616566,-0.574523027858,0.54299548633,0.66870585412,-0.634880632681
273,0.0156970047442,1.02407808473,0.177958346515,-0.168664619861,-0.642354638551,1.0,0.624427818935,0.933711360253,0.511592616566,-0.574523027858,0.54299548633,0.66870585412,-0.634880632681
274,0.0156970047442,1.02407808473,0.177958346515,-0.168664619861,-0.642354638551,1.0,0.624427818935,0.933711360253,0.511592616566,-0.574523027858,0.54299548633,0.66870585412,-0.634880632681
275,-0.286772202058,1.02407808473,0.361787483843,0.845347074744,-0.642354638551,1.0,0.624427818935,0.933711360253,0.511592616566,-0.574523027858,0.54299548633,0.66870585412,-0.634880632681
276,-0.58924140886,1.02407808473,0.361787483843,0.845347074744,-0.642354638551,1.0,0.624427818935,0.933711360253,0.511592616566,-0.574523027858,0.54299548633,0.66870585412,-0.634880632681
277,-0.740476012261,1.02407808473,0.361787483843,0.845347074744,-0.642354638551,1.0,0.624427818935,0.933711360253,0.511592616566,-0.574523027858,0.54299548633,0.66870585412,-0.634880632681
278,-0.891710615662,1.02407808473,0.361787483843,0.845347074744,-0.642354638551,1.0,0.624427818935,0.933711360253,0.511592616566,-0.574523027858,0.54299548633,0.66870585412,-0.634880632681
279,-1.04294521906,1.02407808473,0.361787483843,0.845347074744,-0.642354638551,1.0,0.624427818935,0.933711360253,0.511592616566,-0.574523027858,0.54299548633,0.66870585412,-0.634880632681
280,-1.04294521906,-0.344090236471,0.177958346515,0.507343176543,-0.642354638551,1.0,0.624427818935,0.933711360253,0.511592616566,-0.574523027858,0.54299548633,0.66870585412,-0.634880632681
281,-1.04294521906,-0.344090236471,0.177958346515,0.507343176543,-0.642354638551,1.0,0.624427818935,0.933711360253,0.511592616566,-0.574523027858,0.54299548633,0.66870585412,-0.634880632681
282,-1.19417982246,-0.344090236471,0.177958346515,0.507343176543,-0.642354638551,1.0,0.624427818935,0.933711360253,0.511592616566,-0.574523027858,0.54299548633,0.66870585412,-0.634880632681
283,-1.19417982246,-0.344090236471,0.177958346515,0.507343176543,-0.642354638551,1.0,0.624427818935,0.933711360253,0.511592616566,-0.574523027858,0.54299548633,0.66870585412,-0.634880632681
284,-1.19417982246,-0.344090236471,0.177958346515,0.507343176543,-0.642354638551,1.0,0.624427818935,0.933711360253,0.511592616566,-0.574523027858,0.54299548633,0.66870585412,-0.634880632681
285,-1.19417982246,-0.344090236471,0.177958346515,0.169339278341,-0.642354638551,1.0,0.624427818935,0.933711360253,0.511592616566,-0.574523027858,0.54299548633,0.66870585412,-0.634880632681
286,-1.19417982246,-0.344090236471,0.177958346515,0.169339278341,-0.642354638551,1.0,0.624427818935,0.933711360253,0.511592616566,-0.574523027858,0.54299548633,0.66870585412,-0.634880632681
287,-1.19417982246,-0.344090236471,0.177958346515,0.169339278341,-0.642354638551,1.0,0.624427818935,0.933711360253,0.511592616566,-0.574523027858,0.54299548633,0.66870585412,-0.634880632681
288,-1.19417982246,-0.344090236471,0.177958346515,0.169339278341,-0.642354638551,1.0,0.624427818935,0.933711360253,0.511592616566,-0.574523027858,0.54299548633,0.66870585412,-0.634880632681
289,-0.58924140886,-0.344090236471,0.177958346515,0.169339278341,-0.642354638551,1.0,0.624427818935,0.933711360253,0.511592616566,-0.574523027858,0.54299548633,0.66870585412,-0.634880632681
290,-0.286772202058,1.02407808473,0.177958346515,-0.168664619861,-1.15116044711,1.0,0.624427818935,0.933711360253,0.511592616566,-0.574523027858,0.54299548633,0.66870585412,-0.634880632681
291,0.0156970047442,1.02407808473,0.177958346515,-0.168664619861,-1.15116044711,1.0,0.624427818935,0.933711360253,0.511592616566,-0.574523027858,0.54299548633,0.66870585412,-0.634880632681
292,0.0156970047442,1.02407808473,0.177958346515,-0.168664619861,-1.15116044711,1.0,0.624427818935,0.933711360253,0.511592616566,-0.574523027858,0.54299548633,0.66870585412,-0.634880632681
293,0.469400814947,1.02407808473,0.177958346515,-0.168664619861,-1.15116044711,1.0,0.624427818935,0.933711360253,0.511592616566,-0.574523027858,0.54299548633,0.66870585412,-0.634880632681
294,0.318166211546,1.02407808473,0.177958346515,-0.168664619861,-1.15116044711,1.0,0.624427818935,0.933711360253,0.511592616566,-0.574523027858,0.54299548633,0.66870585412,-0.634880632681
295,0.0156970047442,1.02407808473,0.361787483843,0.845347074744,-1.91436915995,1.0,0.624427818935,0.933711360253,0.511592616566,-0.574523027858,0.54299548633,0.66870585412,-0.634880632681
296,-0.58924140886,1.02407808473,0.361787483843,0.845347074744,-1.91436915995,1.0,0.624427818935,0.933711360253,0.511592616566,-0.574523027858,0.54299548633,0.66870585412,-0.634880632681
297,-0.891710615662,1.02407808473,0.361787483843,0.845347074744,-1.91436915995,1.0,0.624427818935,0.933711360253,0.511592616566,-0.574523027858,0.54299548633,0.66870585412,-0.634880632681
298,-1.04294521906,1.02407808473,0.361787483843,0.845347074744,-1.91436915995,1.0,0.624427818935,0.933711360253,0.511592616566,-0.574523027858,0.54299548633,0.66870585412,-0.634880632681
299,-1.34541442586,1.02407808473,0.361787483843,0.845347074744,-1.91436915995,1.0,0.624427818935,0.933711360253,0.511592616566,-0.574523027858,0.54299548633,0.66870585412,-0.634880632681
300,-1.34541442586,-0.800146343539,0.177958346515,0.507343176543,-1.91436915995,1.0,0.624427818935,0.933711360253,0.511592616566,-0.574523027858,0.54299548633,0.66870585412,-0.634880632681
301,-1.34541442586,-0.800146343539,0.177958346515,0.507343176543,-1.91436915995,1.0,0.624427818935,0.933711360253,0.511592616566,-0.574523027858,0.54299548633,0.66870585412,-0.634880632681
302,-1.34541442586,-0.800146343539,0.177958346515,0.507343176543,-1.91436915995,1.0,0.624427818935,0.933711360253,0.511592616566,-0.574523027858,0.54299548633,0.66870585412,-0.634880632681
303,-0.286772202058,-0.800146343539,0.177958346515,0.507343176543,-1.91436915995,1.0,0.624427818935,0.933711360253,0.511592616566,-0.574523027858,0.54299548633,0.66870585412,-0.634880632681
304,-0.135537598657,-0.800146343539,0.177958346515,0.507343176543,-1.91436915995,1.0,0.624427818935,0.933711360253,0.511592616566,-0.574523027858,0.54299548633,0.66870585412,-0.634880632681
305,-0.135537598657,-0.344090236471,0.361787483843,-0.168664619861,-1.91436915995,1.0,0.624427818935,0.933711360253,0.511592616566,-0.574523027858,0.54299548633,0.66870585412,-0.634880632681
306,-0.286772202058,-0.344090236471,0.361787483843,-0.168664619861,-1.91436915995,1.0,0.624427818935,0.933711360253,0.511592616566,-0.574523027858,0.54299548633,0.66870585412,-0.634880632681
307,-0.438006805459,-0.344090236471,0.361787483843,-0.168664619861,-1.91436915995,1.0,0.624427818935,0.933711360253,0.511592616566,-0.574523027858,0.54299548633,0.66870585412,-0.634880632681
308,-0.891710615662,-0.344090236471,0.361787483843,-0.168664619861,-1.91436915995,1.0,0.624427818935,0.933711360253,0.511592616566,-0.574523027858,0.54299548633,0.66870585412,-0.634880632681
309,-0.891710615662,-0.344090236471,0.361787483843,-0.168664619861,-1.91436915995,1.0,0.624427818935,0.933711360253,0.511592616566,-0.574523027858,0.54299548633,0.66870585412,-0.634880632681
310,-1.19417982246,0.111965870598,0.177958346515,-0.168664619861,-1.91436915995,1.0,0.624427818935,0.933711360253,0.511592616566,-0.574523027858,0.54299548633,0.66870585412,-0.634880632681
311,-1.19417982246,0.111965870598,0.177958346515,-0.168664619861,-1.91436915995,1.0,0.624427818935,0.933711360253,0.511592616566,-0.574523027858,0.54299548633,0.66870585412,-0.634880632681
312,-1.19417982246,0.111965870598,0.177958346515,-0.168664619861,-1.91436915995,1.0,0.624427818935,0.933711360253,0.511592616566,-0.574523027858,0.54299548633,0.66870585412,-0.634880632681
313,-1.04294521906,0.111965870598,0.177958346515,-0.168664619861,-1.91436915995,1.0,0.624427818935,0.933711360253,0.511592616566,-0.574523027858,0.54299548633,0.66870585412,-0.634880632681
314,-1.04294521906,0.111965870598,0.177958346515,-0.168664619861,-1.91436915995,1.0,0.624427818935,0.933711360253,0.511592616566,-0.574523027858,0.54299548633,0.66870585412,-0.634880632681
315,-1.04294521906,-1.25620245061,0.361787483843,-0.168664619861,-0.387951734271,1.0,0.624427818935,0.933711360253,0.511592616566,-0.574523027858,0.54299548633,0.66870585412,-0.634880632681
316,-1.04294521906,-1.25620245061,0.361787483843,-0.168664619861,-0.387951734271,1.0,0.624427818935,0.933711360253,0.511592616566,-0.574523027858,0.54299548633,0.66870585412,-0.634880632681
317,-0.438006805459,-1.25620245061,0.361787483843,-0.168664619861,-0.387951734271,1.0,0.624427818935,0.933711360253,0.511592616566,-0.574523027858,0.54299548633,0.66870585412,-0.634880632681
318,-0.438006805459,-1.25620245061,0.361787483843,-0.168664619861,-0.387951734271,1.0,0.624427818935,0.933711360253,0.511592616566,-0.574523027858,0.54299548633,0.66870585412,-0.634880632681
319,-0.438006805459,-1.25620245061,0.361787483843,-0.168664619861,-0.387951734271,1.0,0.624427818935,0.933711360253,0.511592616566,-0.574523027858,0.54299548633,0.66870585412,-0.634880632681
320,0.0156970047442,-1.25620245061,0.177958346515,-0.168664619861,-0.642354638551,1.0,0.624427818935,0.933711360253,0.511592616566,-0.574523027858,0.54299548633,0.66870585412,-0.634880632681
321,0.166931608145,-1.25620245061,0.177958346515,-0.168664619861,-0.642354638551,1.0,0.624427818935,0.933711360253,0.511592616566,-0.574523027858,0.54299548633,0.66870585412,-0.634880632681
322,0.166931608145,-1.25620245061,0.177958346515,-0.168664619861,-0.642354638551,1.0,0.624427818935,0.933711360253,0.511592616566,-0.574523027858,0.54299548633,0.66870585412,-0.634880632681
323,0.166931608145,-1.25620245061,0.177958346515,-0.168664619861,-0.642354638551,1.0,0.624427818935,0.933711360253,0.511592616566,-0.574523027858,0.54299548633,0.66870585412,-0.634880632681
324,0.0156970047442,-1.25620245061,0.177958346515,-0.168664619861,-0.642354638551,1.0,0.624427818935,0.933711360253,0.511592616566,-0.574523027858,0.54299548633,0.66870585412,-0.634880632681
325,-0.58924140886,-1.25620245061,0.729445758498,-0.168664619861,-1.91436915995,1.0,0.624427818935,0.933711360253,0.511592616566,-0.574523027858,0.54299548633,0.66870585412,-0.634880632681
326,-1.04294521906,-1.25620245061,0.729445758498,-0.168664619861,-1.91436915995,1.0,0.624427818935,0.933711360253,0.511592616566,-0.574523027858,0.54299548633,0.66870585412,-0.634880632681
327,-1.19417982246,-1.25620245061,0.729445758498,-0.168664619861,-1.91436915995,1.0,0.624427818935,0.933711360253,0.511592616566,-0.574523027858,0.54299548633,0.66870585412,-0.634880632681
328,-1.19417982246,-1.25620245061,0.729445758498,-0.168664619861,-1.91436915995,1.0,0.624427818935,0.933711360253,0.511592616566,-0.574523027858,0.54299548633,0.66870585412,-0.634880632681
329,-1.34541442586,-1.25620245061,0.729445758498,-0.168664619861,-1.91436915995,1.0,0.624427818935,0.933711360253,0.511592616566,-0.574523027858,0.54299548633,0.66870585412,-0.634880632681
330,-1.34541442586,-1.25620245061,0.177958346515,-0.168664619861,-1.91436915995,1.0,0.624427818935,0.933711360253,0.511592616566,-0.574523027858,0.54299548633,0.66870585412,-0.634880632681
331,-1.34541442586,-1.25620245061,0.177958346515,-0.168664619861,-1.91436915995,1.0,0.624427818935,0.933711360253,0.511592616566,-0.574523027858,0.54299548633,0.66870585412,-0.634880632681
332,-1.49664902927,-1.25620245061,0.177958346515,-0.168664619861,-1.91436915995,1.0,0.624427818935,0.933711360253,0.511592616566,-0.574523027858,0.54299548633,0.66870585412,-0.634880632681
333,-1.49664902927,-1.25620245061,0.177958346515,-0.168664619861,-1.91436915995,1.0,0.624427818935,0.933711360253,0.511592616566,-0.574523027858,0.54299548633,0.66870585412,-0.634880632681
334,-1.34541442586,-1.25620245061,0.177958346515,-0.168664619861,-1.91436915995,1.0,0.624427818935,0.933711360253,0.511592616566,-0.574523027858,0.54299548633,0.66870585412,-0.634880632681
335,-0.740476012261,-1.25620245061,0.177958346515,0.845347074744,-1.91436915995,1.0,0.624427818935,0.933711360253,0.511592616566,-0.574523027858,0.54299548633,0.66870585412,-0.634880632681
336,0.166931608145,-1.25620245061,0.177958346515,0.845347074744,-1.91436915995,1.0,0.624427818935,0.933711360253,0.511592616566,-0.574523027858,0.54299548633,0.66870585412,-0.634880632681
337,0.318166211546,-1.25620245061,0.177958346515,0.845347074744,-1.91436915995,1.0,0.624427818935,0.933711360253,0.511592616566,-0.574523027858,0.54299548633,0.66870585412,-0.634880632681
338,0.318166211546,-1.25620245061,0.177958346515,0.845347074744,-1.91436915995,1.0,0.624427818935,0.933711360253,0.511592616566,-0.574523027858,0.54299548633,0.66870585412,-0.634880632681
339,0.0156970047442,-1.25620245061,0.177958346515,0.845347074744,-1.91436915995,1.0,0.624427818935,0.933711360253,0.511592616566,-0.574523027858,0.54299548633,0.66870585412,-0.634880632681
340,-0.286772202058,-1.25620245061,0.177958346515,0.169339278341,-1.91436915995,1.0,0.624427818935,0.933711360253,0.511592616566,-0.574523027858,0.54299548633,0.66870585412,-0.634880632681
341,-0.740476012261,-1.25620245061,0.177958346515,0.169339278341,-1.91436915995,1.0,0.624427818935,0.933711360253,0.511592616566,-0.574523027858,0.54299548633,0.66870585412,-0.634880632681
342,-1.04294521906,-1.25620245061,0.177958346515,0.169339278341,-1.91436915995,1.0,0.624427818935,0.933711360253,0.511592616566,-0.574523027858,0.54299548633,0.66870585412,-0.634880632681
343,-1.04294521906,-1.25620245061,0.177958346515,0.169339278341,-1.91436915995,1.0,0.624427818935,0.933711360253,0.511592616566,-0.574523027858,0.54299548633,0.66870585412,-0.634880632681
344,-1.19417982246,-1.25620245061,0.177958346515,0.169339278341,-1.91436915995,1.0,0.624427818935,0.933711360253,0.511592616566,-0.574523027858,0.54299548633,0.66870585412,-0.634880632681
345,-1.34541442586,-1.25620245061,0.177958346515,0.169339278341,-1.91436915995,1.0,0.624427818935,0.933711360253,0.511592616566,-0.574523027858,0.54299548633,0.66870585412,-0.634880632681
346,-1.34541442586,-1.25620245061,0.177958346515,0.169339278341,-1.91436915995,1.0,0.624427818935,0.933711360253,0.511592616566,-0.574523027858,0.54299548633,0.66870585412,-0.634880632681
347,-1.64788363267,-1.25620245061,0.177958346515,0.169339278341,-1.91436915995,1.0,0.624427818935,0.933711360253,0.511592616566,-0.574523027858,0.54299548633,0.66870585412,-0.634880632681
348,-1.64788363267,-1.25620245061,0.177958346515,0.169339278341,-1.91436915995,1.0,0.624427818935,0.933711360253,0.511592616566,-0.574523027858,0.54299548633,0.66870585412,-0.634880632681
349,-1.64788363267,-1.25620245061,0.177958346515,0.169339278341,-1.91436915995,1.0,0.624427818935,0.933711360253,0.511592616566,-0.574523027858,0.54299548633,0.66870585412,-0.634880632681
350,-1.64788363267,-1.25620245061,0.177958346515,-0.168664619861,-1.15116044711,1.0,0.624427818935,0.933711360253,0.511592616566,-0.574523027858,0.54299548633,0.66870585412,-0.634880632681
351,-1.79911823607,-1.25620245061,0.177958346515,-0.168664619861,-1.15116044711,1.0,0.624427818935,0.933711360253,0.511592616566,-0.574523027858,0.54299548633,0.66870585412,-0.634880632681
352,-1.79911823607,-1.25620245061,0.177958346515,-0.168664619861,-1.15116044711,1.0,0.624427818935,0.933711360253,0.511592616566,-0.574523027858,0.54299548633,0.66870585412,-0.634880632681
353,-1.79911823607,-1.25620245061,0.177958346515,-0.168664619861,-1.15116044711,1.0,0.624427818935,0.933711360253,0.511592616566,-0.574523027858,0.54299548633,0.66870585412,-0.634880632681
354,-1.79911823607,-1.25620245061,0.177958346515,-0.168664619861,-1.15116044711,1.0,0.624427818935,0.933711360253,0.511592616566,-0.574523027858,0.54299548633,0.66870585412,-0.634880632681
355,-1.79911823607,0.111965870598,0.177958346515,-1.85868411087,-0.642354638551,1.0,0.624427818935,0.933711360253,0.511592616566,-0.574523027858,0.54299548633,0.66870585412,-0.634880632681
356,-1.64788363267,0.111965870598,0.177958346515,-1.85868411087,-0.642354638551,1.0,0.624427818935,0.933711360253,0.511592616566,-0.574523027858,0.54299548633,0.66870585412,-0.634880632681
357,-1.79911823607,0.111965870598,0.177958346515,-1.85868411087,-0.642354638551,1.0,0.624427818935,0.933711360253,0.511592616566,-0.574523027858,0.54299548633,0.66870585412,-0.634880632681
358,-1.79911823607,0.111965870598,0.177958346515,-1.85868411087,-0.642354638551,1.0,0.624427818935,0.933711360253,0.511592616566,-0.574523027858,0.54299548633,0.66870585412,-0.634880632681
359,-1.79911823607,0.111965870598,0.177958346515,-1.85868411087,-0.642354638551,1.0,0.624427818935,0.933711360253,0.511592616566,-0.574523027858,0.54299548633,0.66870585412,-0.634880632681
360,-1.79911823607,1.02407808473,0.177958346515,-1.85868411087,-0.642354638551,1.0,0.624427818935,0.933711360253,0.511592616566,-0.574523027858,0.54299548633,0.66870585412,-0.634880632681
361,-1.79911823607,1.02407808473,0.177958346515,-1.85868411087,-0.642354638551,1.0,0.624427818935,0.933711360253,0.511592616566,-0.574523027858,0.54299548633,0.66870585412,-0.634880632681
362,-1.79911823607,1.02407808473,0.177958346515,-1.85868411087,-0.642354638551,1.0,0.624427818935,0.933711360253,0.511592616566,-0.574523027858,0.54299548633,0.66870585412,-0.634880632681
363,-1.79911823607,1.02407808473,0.177958346515,-1.85868411087,-0.642354638551,1.0,0.624427818935,0.933711360253,0.511592616566,-0.574523027858,0.54299548633,0.66870585412,-0.634880632681
364,-1.79911823607,1.02407808473,0.177958346515,-1.85868411087,-0.642354638551,1.0,0.624427818935,0.933711360253,0.511592616566,-0.574523027858,0.54299548633,0.66870585412,-0.634880632681
365,-1.79911823607,-1.25620245061,0.177958346515,0.845347074744,-0.642354638551,1.0,0.624427818935,0.933711360253,0.511592616566,-0.574523027858,0.54299548633,0.66870585412,-0.634880632681
366,-1.64788363267,-1.25620245061,0.177958346515,0.845347074744,-0.642354638551,1.0,0.624427818935,0.933711360253,0.511592616566,-0.574523027858,0.54299548633,0.66870585412,-0.634880632681
367,-1.49664902927,-1.25620245061,0.177958346515,0.845347074744,-0.642354638551,1.0,0.624427818935,0.933711360253,0.511592616566,-0.574523027858,0.54299548633,0.66870585412,-0.634880632681
368,-1.49664902927,-1.25620245061,0.177958346515,0.845347074744,-0.642354638551,1.0,0.624427818935,0.933711360253,0.511592616566,-0.574523027858,0.54299548633,0.66870585412,-0.634880632681
369,-1.49664902927,-1.25620245061,0.177958346515,0.845347074744,-0.642354638551,1.0,0.624427818935,0.933711360253,0.511592616566,-0.574523027858,0.54299548633,0.66870585412,-0.634880632681
370,-1.34541442586,-1.25620245061,0.177958346515,-0.168664619861,-0.642354638551,1.0,0.624427818935,0.933711360253,0.511592616566,-0.574523027858,0.54299548633,0.66870585412,-0.634880632681
371,-1.34541442586,-1.25620245061,0.177958346515,-0.168664619861,-0.642354638551,1.0,0.624427818935,0.933711360253,0.511592616566,-0.574523027858,0.54299548633,0.66870585412,-0.634880632681
372,-1.04294521906,-1.25620245061,0.177958346515,-0.168664619861,-0.642354638551,1.0,0.624427818935,0.933711360253,0.511592616566,-0.574523027858,0.54299548633,0.66870585412,-0.634880632681
373,-0.740476012261,-1.25620245061,0.177958346515,-0.168664619861,-0.642354638551,1.0,0.624427818935,0.933711360253,0.511592616566,-0.574523027858,0.54299548633,0.66870585412,-0.634880632681
374,-0.438006805459,-1.25620245061,0.177958346515,-0.168664619861,-0.642354638551,1.0,0.624427818935,0.933711360253,0.511592616566,-0.574523027858,0.54299548633,0.66870585412,-0.634880632681
375,-0.438006805459,0.111965870598,0.177958346515,-0.168664619861,-1.65996625567,1.0,0.624427818935,0.933711360253,0.511592616566,-0.574523027858,0.54299548633,0.66870585412,-0.634880632681
376,0.166931608145,0.111965870598,0.177958346515,-0.168664619861,-1.65996625567,1.0,0.624427818935,0.933711360253,0.511592616566,-0.574523027858,0.54299548633,0.66870585412,-0.634880632681
377,0.166931608145,0.111965870598,0.177958346515,-0.168664619861,-1.65996625567,1.0,0.624427818935,0.933711360253,0.511592616566,-0.574523027858,0.54299548633,0.66870585412,-0.634880632681
378,0.0156970047442,0.111965870598,0.177958346515,-0.168664619861,-1.65996625567,1.0,0.624427818935,0.933711360253,0.511592616566,-0.574523027858,0.54299548633,0.66870585412,-0.634880632681
379,-0.286772202058,0.111965870598,0.177958346515,-0.168664619861,-1.65996625567,1.0,0.624427818935,0.933711360253,0.511592616566,-0.574523027858,0.54299548633,0.66870585412,-0.634880632681
380,-0.438006805459,-0.344090236471,0.177958346515,-0.168664619861,-1.91436915995,1.0,0.624427818935,0.933711360253,0.511592616566,-0.574523027858,0.54299548633,0.66870585412,-0.634880632681
381,-0.740476012261,-0.344090236471,0.177958346515,-0.168664619861,-1.91436915995,1.0,0.624427818935,0.933711360253,0.511592616566,-0.574523027858,0.54299548633,0.66870585412,-0.634880632681
382,-0.740476012261,-0.344090236471,0.177958346515,-0.168664619861,-1.91436915995,1.0,0.624427818935,0.933711360253,0.511592616566,-0.574523027858,0.54299548633,0.66870585412,-0.634880632681
383,-0.740476012261,-0.344090236471,0.177958346515,-0.168664619861,-1.91436915995,1.0,0.624427818935,0.933711360253,0.511592616566,-0.574523027858,0.54299548633,0.66870585412,-0.634880632681
384,-0.438006805459,-0.344090236471,0.177958346515,-0.168664619861,-1.91436915995,1.0,0.624427818935,0.933711360253,0.511592616566,-0.574523027858,0.54299548633,0.66870585412,-0.634880632681
385,-0.438006805459,0.111965870598,0.177958346515,1.18335097295,-1.91436915995,1.0,0.624427818935,0.933711360253,0.511592616566,-0.574523027858,0.54299548633,0.66870585412,-0.634880632681
386,0.0156970047442,0.111965870598,0.177958346515,1.18335097295,-1.91436915995,1.0,0.624427818935,0.933711360253,0.511592616566,-0.574523027858,0.54299548633,0.66870585412,-0.634880632681
387,-0.135537598657,0.111965870598,0.177958346515,1.18335097295,-1.91436915995,1.0,0.624427818935,0.933711360253,0.511592616566,-0.574523027858,0.54299548633,0.66870585412,-0.634880632681
388,-0.438006805459,0.111965870598,0.177958346515,1.18335097295,-1.91436915995,1.0,0.624427818935,0.933711360253,0.511592616566,-0.574523027858,0.54299548633,0.66870585412,-0.634880632681
389,-0.58924140886,0.111965870598,0.177958346515,1.18335097295,-1.91436915995,1.0,0.624427818935,0.933711360253,0.511592616566,-0.574523027858,0.54299548633,0.66870585412,-0.634880632681
390,-0.740476012261,1.02407808473,0.177958346515,0.169339278341,-1.91436915995,1.0,0.624427818935,0.933711360253,0.511592616566,-0.574523027858,0.54299548633,0.66870585412,-0.634880632681
391,-1.04294521906,1.02407808473,0.177958346515,0.169339278341,-1.91436915995,1.0,0.624427818935,0.933711360253,0.511592616566,-0.574523027858,0.54299548633,0.66870585412,-0.634880632681
392,-1.19417982246,1.02407808473,0.177958346515,0.169339278341,-1.91436915995,1.0,0.624427818935,0.933711360253,0.511592616566,-0.574523027858,0.54299548633,0.66870585412,-0.634880632681
393,-1.19417982246,1.02407808473,0.177958346515,0.169339278341,-1.91436915995,1.0,0.624427818935,0.933711360253,0.511592616566,-0.574523027858,0.54299548633,0.66870585412,-0.634880632681
394,-1.34541442586,1.02407808473,0.177958346515,0.169339278341,-1.91436915995,1.0,0.624427818935,0.933711360253,0.511592616566,-0.574523027858,0.54299548633,0.66870585412,-0.634880632681
395,-1.34541442586,0.111965870598,-0.189699928141,-0.168664619861,-1.40556335139,1.0,0.624427818935,0.933711360253,0.511592616566,-0.574523027858,0.54299548633,0.66870585412,-0.634880632681
396,-1.19417982246,0.111965870598,-0.189699928141,-0.168664619861,-1.40556335139,1.0,0.624427818935,0.933711360253,0.511592616566,-0.574523027858,0.54299548633,0.66870585412,-0.634880632681
397,-1.19417982246,0.111965870598,-0.189699928141,-0.168664619861,-1.40556335139,1.0,0.624427818935,0.933711360253,0.511592616566,-0.574523027858,0.54299548633,0.66870585412,-0.634880632681
398,-1.19417982246,0.111965870598,-0.189699928141,-0.168664619861,-1.40556335139,1.0,0.624427818935,0.933711360253,0.511592616566,-0.574523027858,0.54299548633,0.66870585412,-0.634880632681
399,-1.19417982246,0.111965870598,-0.189699928141,-0.168664619861,-1.40556335139,1.0,0.624427818935,0.933711360253,0.511592616566,-0.574523027858,0.54299548633,0.66870585412,-0.634880632681
400,-1.19417982246,-3.08042687888,-0.373529065468,-0.168664619861,-0.642354638551,1.0,0.624427818935,0.933711360253,0.511592616566,-0.574523027858,0.54299548633,0.66870585412,-0.634880632681
401,-1.19417982246,-3.08042687888,-0.373529065468,-0.168664619861,-0.642354638551,1.0,0.624427818935,0.933711360253,0.511592616566,-0.574523027858,0.54299548633,0.66870585412,-0.634880632681
402,-0.740476012261,-3.08042687888,-0.373529065468,-0.168664619861,-0.642354638551,1.0,0.624427818935,0.933711360253,0.511592616566,-0.574523027858,0.54299548633,0.66870585412,-0.634880632681
403,-0.58924140886,-3.08042687888,-0.373529065468,-0.168664619861,-0.642354638551,1.0,0.624427818935,0.933711360253,0.511592616566,-0.574523027858,0.54299548633,0.66870585412,-0.634880632681
404,-0.58924140886,-3.08042687888,-0.373529065468,-0.168664619861,-0.642354638551,1.0,0.624427818935,0.933711360253,0.511592616566,-0.574523027858,0.54299548633,0.66870585412,-0.634880632681
405,-0.58924140886,-0.800146343539,0.177958346515,-1.52068021267,-0.642354638551,1.0,0.624427818935,0.933711360253,0.511592616566,-0.574523027858,0.54299548633,0.66870585412,-0.634880632681
406,-0.58924140886,-0.800146343539,0.177958346515,-1.52068021267,-0.642354638551,1.0,0.624427818935,0.933711360253,0.511592616566,-0.574523027858,0.54299548633,0.66870585412,-0.634880632681
407,-0.740476012261,-0.800146343539,0.177958346515,-1.52068021267,-0.642354638551,1.0,0.624427818935,0.933711360253,0.511592616566,-0.574523027858,0.54299548633,0.66870585412,-0.634880632681
408,-0.740476012261,-0.800146343539,0.177958346515,-1.52068021267,-0.642354638551,1.0,0.624427818935,0.933711360253,0.511592616566,-0.574523027858,0.54299548633,0.66870585412,-0.634880632681
409,-0.438006805459,-0.800146343539,0.177958346515,-1.52068021267,-0.642354638551,1.0,0.624427818935,0.933711360253,0.511592616566,-0.574523027858,0.54299548633,0.66870585412,-0.634880632681
410,-0.135537598657,-1.25620245061,0.177958346515,-1.85868411087,-0.133548829991,1.0,0.624427818935,0.933711360253,0.511592616566,-0.574523027858,0.54299548633,0.66870585412,-0.634880632681
411,0.166931608145,-1.25620245061,0.177958346515,-1.85868411087,-0.133548829991,1.0,0.624427818935,0.933711360253,0.511592616566,-0.574523027858,0.54299548633,0.66870585412,-0.634880632681
412,0.620635418348,-1.25620245061,0.177958346515,-1.85868411087,-0.133548829991,1.0,0.624427818935,0.933711360253,0.511592616566,-0.574523027858,0.54299548633,0.66870585412,-0.634880632681
413,1.07433922855,-1.25620245061,0.177958346515,-1.85868411087,-0.133548829991,1.0,0.624427818935,0.933711360253,0.511592616566,-0.574523027858,0.54299548633,0.66870585412,-0.634880632681
414,1.07433922855,-1.25620245061,0.177958346515,-1.85868411087,-0.133548829991,1.0,0.624427818935,0.933711360253,0.511592616566,-0.574523027858,0.54299548633,0.66870585412,-0.634880632681
415,0.92310462515,0.568021977666,0.177958346515,-1.18267631447,0.629659882848,1.0,0.624427818935,0.933711360253,0.511592616566,-0.574523027858,0.54299548633,0.66870585412,-0.634880632681
416,0.469400814947,0.568021977666,0.177958346515,-1.18267631447,0.629659882848,1.0,0.624427818935,0.933711360253,0.511592616566,-0.574523027858,0.54299548633,0.66870585412,-0.634880632681
417,0.318166211546,0.568021977666,0.177958346515,-1.18267631447,0.629659882848,1.0,0.624427818935,0.933711360253,0.511592616566,-0.574523027858,0.54299548633,0.66870585412,-0.634880632681
418,0.166931608145,0.568021977666,0.177958346515,-1.18267631447,0.629659882848,1.0,0.624427818935,0.933711360253,0.511592616566,-0.574523027858,0.54299548633,0.66870585412,-0.634880632681
419,0.166931608145,0.568021977666,0.177958346515,-1.18267631447,0.629659882848,1.0,0.624427818935,0.933711360253,0.511592616566,-0.574523027858,0.54299548633,0.66870585412,-0.634880632681
420,0.0156970047442,-0.344090236471,0.361787483843,-1.85868411087,0.629659882848,1.0,0.624427818935,0.933711360253,0.511592616566,-0.574523027858,0.54299548633,0.66870585412,-0.634880632681
421,0.0156970047442,-0.344090236471,0.361787483843,-1.85868411087,0.629659882848,1.0,0.624427818935,0.933711360253,0.511592616566,-0.574523027858,0.54299548633,0.66870585412,-0.634880632681
422,-0.135537598657,-0.344090236471,0.361787483843,-1.85868411087,0.629659882848,1.0,0.624427818935,0.933711360253,0.511592616566,-0.574523027858,0.54299548633,0.66870585412,-0.634880632681
423,-0.438006805459,-0.344090236471,0.361787483843,-1.85868411087,0.629659882848,1.0,0.624427818935,0.933711360253,0.511592616566,-0.574523027858,0.54299548633,0.66870585412,-0.634880632681
424,-0.58924140886,-0.344090236471,0.361787483843,-1.85868411087,0.629659882848,1.0,0.624427818935,0.933711360253,0.511592616566,-0.574523027858,0.54299548633,0.66870585412,-0.634880632681
425,-0.58924140886,0.111965870598,0.177958346515,-0.168664619861,0.629659882848,1.0,0.624427818935,0.933711360253,0.511592616566,-0.574523027858,0.54299548633,0.66870585412,-0.634880632681
426,-0.58924140886,0.111965870598,0.177958346515,-0.168664619861,0.629659882848,1.0,0.624427818935,0.933711360253,0.511592616566,-0.574523027858,0.54299548633,0.66870585412,-0.634880632681
427,-0.891710615662,0.111965870598,0.177958346515,-0.168664619861,0.629659882848,1.0,0.624427818935,0.933711360253,0.511592616566,-0.574523027858,0.54299548633,0.66870585412,-0.634880632681
428,-0.891710615662,0.111965870598,0.177958346515,-0.168664619861,0.629659882848,1.0,0.624427818935,0.933711360253,0.511592616566,-0.574523027858,0.54299548633,0.66870585412,-0.634880632681
429,-0.891710615662,0.111965870598,0.177958346515,-0.168664619861,0.629659882848,1.0,0.624427818935,0.933711360253,0.511592616566,-0.574523027858,0.54299548633,0.66870585412,-0.634880632681
430,-0.891710615662,-1.25620245061,0.54561662117,-0.168664619861,1.90167440425,1.0,0.624427818935,0.933711360253,0.511592616566,-0.574523027858,0.54299548633,0.66870585412,-0.634880632681
431,-0.740476012261,-1.25620245061,0.54561662117,-0.168664619861,1.90167440425,1.0,0.624427818935,0.933711360253,0.511592616566,-0.574523027858,0.54299548633,0.66870585412,-0.634880632681
432,-0.58924140886,-1.25620245061,0.54561662117,-0.168664619861,1.90167440425,1.0,0.624427818935,0.933711360253,0.511592616566,-0.574523027858,0.54299548633,0.66870585412,-0.634880632681
433,-0.286772202058,-1.25620245061,0.54561662117,-0.168664619861,1.90167440425,1.0,0.624427818935,0.933711360253,0.511592616566,-0.574523027858,0.54299548633,0.66870585412,-0.634880632681
434,-0.135537598657,-1.25620245061,0.54561662117,-0.168664619861,1.90167440425,1.0,0.624427818935,0.933711360253,0.511592616566,-0.574523027858,0.54299548633,0.66870585412,-0.634880632681
435,-0.135537598657,0.111965870598,0.177958346515,-1.18267631447,1.90167440425,1.0,0.624427818935,0.933711360253,0.511592616566,-0.574523027858,0.54299548633,0.66870585412,-0.634880632681
436,0.0156970047442,0.111965870598,0.177958346515,-1.18267631447,1.90167440425,1.0,0.624427818935,0.933711360253,0.511592616566,-0.574523027858,0.54299548633,0.66870585412,-0.634880632681
437,0.166931608145,0.111965870598,0.177958346515,-1.18267631447,1.90167440425,1.0,0.624427818935,0.933711360253,0.511592616566,-0.574523027858,0.54299548633,0.66870585412,-0.634880632681
438,0.166931608145,0.111965870598,0.177958346515,-1.18267631447,1.90167440425,1.0,0.624427818935,0.933711360253,0.511592616566,-0.574523027858,0.54299548633,0.66870585412,-0.634880632681
439,0.166931608145,0.111965870598,0.177958346515,-1.18267631447,1.90167440425,1.0,0.624427818935,0.933711360253,0.511592616566,-0.574523027858,0.54299548633,0.66870585412,-0.634880632681
440,0.0156970047442,-1.25620245061,0.177958346515,-1.85868411087,1.90167440425,1.0,0.624427818935,0.933711360253,0.511592616566,-0.574523027858,0.54299548633,0.66870585412,-0.634880632681
441,-0.135537598657,-1.25620245061,0.177958346515,-1.85868411087,1.90167440425,1.0,0.624427818935,0.933711360253,0.511592616566,-0.574523027858,0.54299548633,0.66870585412,-0.634880632681
442,-0.438006805459,-1.25620245061,0.177958346515,-1.85868411087,1.90167440425,1.0,0.624427818935,0.933711360253,0.511592616566,-0.574523027858,0.54299548633,0.66870585412,-0.634880632681
443,-0.740476012261,-1.25620245061,0.177958346515,-1.85868411087,1.90167440425,1.0,0.624427818935,0.933711360253,0.511592616566,-0.574523027858,0.54299548633,0.66870585412,-0.634880632681
444,-0.740476012261,-1.25620245061,0.177958346515,-1.85868411087,1.90167440425,1.0,0.624427818935,0.933711360253,0.511592616566,-0.574523027858,0.54299548633,0.66870585412,-0.634880632681
445,-0.891710615662,-0.800146343539,-0.557358202796,-1.52068021267,1.90167440425,1.0,0.624427818935,0.933711360253,0.511592616566,-0.574523027858,0.54299548633,0.66870585412,-0.634880632681
446,-0.740476012261,-0.800146343539,-0.557358202796,-1.52068021267,1.90167440425,1.0,0.624427818935,0.933711360253,0.511592616566,-0.574523027858,0.54299548633,0.66870585412,-0.634880632681
447,-0.740476012261,-0.800146343539,-0.557358202796,-1.52068021267,1.90167440425,1.0,0.624427818935,0.933711360253,0.511592616566,-0.574523027858,0.54299548633,0.66870585412,-0.634880632681
448,-0.740476012261,-0.800146343539,-0.557358202796,-1.52068021267,1.90167440425,1.0,0.624427818935,0.933711360253,0.511592616566,-0.574523027858,0.54299548633,0.66870585412,-0.634880632681
449,-0.740476012261,-0.800146343539,-0.557358202796,-1.52068021267,1.90167440425,1.0,0.624427818935,0.933711360253,0.511592616566,-0.574523027858,0.54299548633,0.66870585412,-0.634880632681
450,-0.740476012261,-1.25620245061,-0.373529065468,-1.85868411087,1.90167440425,1.0,0.624427818935,0.933711360253,0.511592616566,-0.574523027858,0.54299548633,0.66870585412,-0.634880632681
451,-0.891710615662,-1.25620245061,-0.373529065468,-1.85868411087,1.90167440425,1.0,0.624427818935,0.933711360253,0.511592616566,-0.574523027858,0.54299548633,0.66870585412,-0.634880632681
452,-1.04294521906,-1.25620245061,-0.373529065468,-1.85868411087,1.90167440425,1.0,0.624427818935,0.933711360253,0.511592616566,-0.574523027858,0.54299548633,0.66870585412,-0.634880632681
453,-1.04294521906,-1.25620245061,-0.373529065468,-1.85868411087,1.90167440425,1.0,0.624427818935,0.933711360253,0.511592616566,-0.574523027858,0.54299548633,0.66870585412,-0.634880632681
454,-1.19417982246,-1.25620245061,-0.373529065468,-1.85868411087,1.90167440425,1.0,0.624427818935,0.933711360253,0.511592616566,-0.574523027858,0.54299548633,0.66870585412,-0.634880632681
455,-1.34541442586,0.568021977666,0.177958346515,-1.85868411087,0.884062787128,1.0,0.624427818935,0.933711360253,0.511592616566,-0.574523027858,0.54299548633,0.66870585412,-0.634880632681
456,-1.49664902927,0.568021977666,0.177958346515,-1.85868411087,0.884062787128,1.0,0.624427818935,0.933711360253,0.511592616566,-0.574523027858,0.54299548633,0.66870585412,-0.634880632681
457,-1.64788363267,0.568021977666,0.177958346515,-1.85868411087,0.884062787128,1.0,0.624427818935,0.933711360253,0.511592616566,-0.574523027858,0.54299548633,0.66870585412,-0.634880632681
458,-1.64788363267,0.568021977666,0.177958346515,-1.85868411087,0.884062787128,1.0,0.624427818935,0.933711360253,0.511592616566,-0.574523027858,0.54299548633,0.66870585412,-0.634880632681
459,-1.64788363267,0.568021977666,0.177958346515,-1.85868411087,0.884062787128,1.0,0.624427818935,0.933711360253,0.511592616566,-0.574523027858,0.54299548633,0.66870585412,-0.634880632681
460,-1.49664902927,1.02407808473,-0.00587079081286,-1.85868411087,0.629659882848,1.0,0.624427818935,0.933711360253,0.511592616566,-0.574523027858,0.54299548633,0.66870585412,-0.634880632681
461,-1.34541442586,1.02407808473,-0.00587079081286,-1.85868411087,0.629659882848,1.0,0.624427818935,0.933711360253,0.511592616566,-0.574523027858,0.54299548633,0.66870585412,-0.634880632681
462,-1.04294521906,1.02407808473,-0.00587079081286,-1.85868411087,0.629659882848,1.0,0.624427818935,0.933711360253,0.511592616566,-0.574523027858,0.54299548633,0.66870585412,-0.634880632681
463,-0.135537598657,1.02407808473,-0.00587079081286,-1.85868411087,0.629659882848,1.0,0.624427818935,0.933711360253,0.511592616566,-0.574523027858,0.54299548633,0.66870585412,-0.634880632681
464,0.166931608145,1.02407808473,-0.00587079081286,-1.85868411087,0.629659882848,1.0,0.624427818935,0.933711360253,0.511592616566,-0.574523027858,0.54299548633,0.66870585412,-0.634880632681
465,0.318166211546,0.111965870598,-0.741187340124,-1.85868411087,0.629659882848,1.0,0.624427818935,0.933711360253,0.511592616566,-0.574523027858,0.54299548633,0.66870585412,-0.634880632681
466,0.318166211546,0.111965870598,-0.741187340124,-1.85868411087,0.629659882848,1.0,0.624427818935,0.933711360253,0.511592616566,-0.574523027858,0.54299548633,0.66870585412,-0.634880632681
467,0.0156970047442,0.111965870598,-0.741187340124,-1.85868411087,0.629659882848,1.0,0.624427818935,0.933711360253,0.511592616566,-0.574523027858,0.54299548633,0.66870585412,-0.634880632681
468,-0.135537598657,0.111965870598,-0.741187340124,-1.85868411087,0.629659882848,1.0,0.624427818935,0.933711360253,0.511592616566,-0.574523027858,0.54299548633,0.66870585412,-0.634880632681
469,-0.286772202058,0.111965870598,-0.741187340124,-1.85868411087,0.629659882848,1.0,0.624427818935,0.933711360253,0.511592616566,-0.574523027858,0.54299548633,0.66870585412,-0.634880632681
470,-0.286772202058,-0.344090236471,-0.741187340124,-1.18267631447,0.629659882848,1.0,0.624427818935,0.933711360253,0.511592616566,-0.574523027858,0.54299548633,0.66870585412,-0.634880632681
471,-0.135537598657,-0.344090236471,-0.741187340124,-1.18267631447,0.629659882848,1.0,0.624427818935,0.933711360253,0.511592616566,-0.574523027858,0.54299548633,0.66870585412,-0.634880632681
472,0.318166211546,-0.344090236471,-0.741187340124,-1.18267631447,0.629659882848,1.0,0.624427818935,0.933711360253,0.511592616566,-0.574523027858,0.54299548633,0.66870585412,-0.634880632681
473,0.318166211546,-0.344090236471,-0.741187340124,-1.18267631447,0.629659882848,1.0,0.624427818935,0.933711360253,0.511592616566,-0.574523027858,0.54299548633,0.66870585412,-0.634880632681
474,0.166931608145,-0.344090236471,-0.741187340124,-1.18267631447,0.629659882848,1.0,0.624427818935,0.933711360253,0.511592616566,-0.574523027858,0.54299548633,0.66870585412,-0.634880632681
475,-0.438006805459,1.02407808473,-0.741187340124,-1.85868411087,0.629659882848,1.0,0.624427818935,0.933711360253,0.511592616566,-0.574523027858,0.54299548633,0.66870585412,-0.634880632681
476,-1.04294521906,1.02407808473,-0.741187340124,-1.85868411087,0.629659882848,1.0,0.624427818935,0.933711360253,0.511592616566,-0.574523027858,0.54299548633,0.66870585412,-0.634880632681
477,-1.04294521906,1.02407808473,-0.741187340124,-1.85868411087,0.629659882848,1.0,0.624427818935,0.933711360253,0.511592616566,-0.574523027858,0.54299548633,0.66870585412,-0.634880632681
478,-1.04294521906,1.02407808473,-0.741187340124,-1.85868411087,0.629659882848,1.0,0.624427818935,0.933711360253,0.511592616566,-0.574523027858,0.54299548633,0.66870585412,-0.634880632681
479,-1.04294521906,1.02407808473,-0.741187340124,-1.85868411087,0.629659882848,1.0,0.624427818935,0.933711360253,0.511592616566,-0.574523027858,0.54299548633,0.66870585412,-0.634880632681
480,-0.891710615662,0.111965870598,-0.189699928141,-1.52068021267,0.629659882848,1.0,0.624427818935,0.933711360253,0.511592616566,-0.574523027858,0.54299548633,0.66870585412,-0.634880632681
481,-0.891710615662,0.111965870598,-0.189699928141,-1.52068021267,0.629659882848,1.0,0.624427818935,0.933711360253,0.511592616566,-0.574523027858,0.54299548633,0.66870585412,-0.634880632681
482,-0.891710615662,0.111965870598,-0.189699928141,-1.52068021267,0.629659882848,1.0,0.624427818935,0.933711360253,0.511592616566,-0.574523027858,0.54299548633,0.66870585412,-0.634880632681
483,-1.04294521906,0.111965870598,-0.189699928141,-1.52068021267,0.629659882848,1.0,0.624427818935,0.933711360253,0.511592616566,-0.574523027858,0.54299548633,0.66870585412,-0.634880632681
484,-1.19417982246,0.111965870598,-0.189699928141,-1.52068021267,0.629659882848,1.0,0.624427818935,0.933711360253,0.511592616566,-0.574523027858,0.54299548633,0.66870585412,-0.634880632681
485,-1.04294521906,-1.25620245061,0.177958346515,-1.85868411087,0.629659882848,1.0,0.624427818935,0.933711360253,0.511592616566,-0.574523027858,0.54299548633,0.66870585412,-0.634880632681
486,-1.19417982246,-1.25620245061,0.177958346515,-1.85868411087,0.629659882848,1.0,0.624427818935,0.933711360253,0.511592616566,-0.574523027858,0.54299548633,0.66870585412,-0.634880632681
487,-1.19417982246,-1.25620245061,0.177958346515,-1.85868411087,0.629659882848,1.0,0.624427818935,0.933711360253,0.511592616566,-0.574523027858,0.54299548633,0.66870585412,-0.634880632681
488,-1.19417982246,-1.25620245061,0.177958346515,-1.85868411087,0.629659882848,1.0,0.624427818935,0.933711360253,0.511592616566,-0.574523027858,0.54299548633,0.66870585412,-0.634880632681
489,-1.19417982246,-1.25620245061,0.177958346515,-1.85868411087,0.629659882848,1.0,0.624427818935,0.933711360253,0.511592616566,-0.574523027858,0.54299548633,0.66870585412,-0.634880632681
490,-1.04294521906,-0.344090236471,0.177958346515,-1.18267631447,0.629659882848,1.0,0.624427818935,0.933711360253,0.511592616566,-0.574523027858,0.54299548633,0.66870585412,-0.634880632681
491,-0.286772202058,-0.344090236471,0.177958346515,-1.18267631447,0.629659882848,1.0,0.624427818935,0.933711360253,0.511592616566,-0.574523027858,0.54299548633,0.66870585412,-0.634880632681
492,0.0156970047442,-0.344090236471,0.177958346515,-1.18267631447,0.629659882848,1.0,0.624427818935,0.933711360253,0.511592616566,-0.574523027858,0.54299548633,0.66870585412,-0.634880632681
493,0.166931608145,-0.344090236471,0.177958346515,-1.18267631447,0.629659882848,1.0,0.624427818935,0.933711360253,0.511592616566,-0.574523027858,0.54299548633,0.66870585412,-0.634880632681
494,0.166931608145,-0.344090236471,0.177958346515,-1.18267631447,0.629659882848,1.0,0.624427818935,0.933711360253,0.511592616566,-0.574523027858,0.54299548633,0.66870585412,-0.634880632681
495,0.166931608145,1.02407808473,0.177958346515,-1.52068021267,0.629659882848,1.0,0.624427818935,0.933711360253,0.511592616566,-0.574523027858,0.54299548633,0.66870585412,-0.634880632681
496,-0.135537598657,1.02407808473,0.177958346515,-1.52068021267,0.629659882848,1.0,0.624427818935,0.933711360253,0.511592616566,-0.574523027858,0.54299548633,0.66870585412,-0.634880632681
497,-0.135537598657,1.02407808473,0.177958346515,-1.52068021267,0.629659882848,1.0,0.624427818935,0.933711360253,0.511592616566,-0.574523027858,0.54299548633,0.66870585412,-0.634880632681
498,-0.135537598657,1.02407808473,0.177958346515,-1.52068021267,0.629659882848,1.0,0.624427818935,0.933711360253,0.511592616566,-0.574523027858,0.54299548633,0.66870585412,-0.634880632681
499,0.0156970047442,1.02407808473,0.177958346515,-1.52068021267,0.629659882848,1.0,0.624427818935,0.933711360253,0.511592616566,-0.574523027858,0.54299548633,0.66870585412,-0.634880632681
500,0.318166211546,1.02407808473,1.09710403315,-1.85868411087,0.629659882848,1.0,0.624427818935,0.933711360253,0.511592616566,-0.574523027858,0.54299548633,0.66870585412,-0.634880632681
